--
-- PostgreSQL database dump
--

-- Dumped from database version 11.8
-- Dumped by pg_dump version 11.8

SET statement_timeout = 0;
SET lock_timeout = 0;
SET idle_in_transaction_session_timeout = 0;
SET client_encoding = 'UTF8';
SET standard_conforming_strings = on;
SELECT pg_catalog.set_config('search_path', '', false);
SET check_function_bodies = false;
SET xmloption = content;
SET client_min_messages = warning;
SET row_security = off;

SET default_tablespace = '';

SET default_with_oids = false;

--
-- Name: Chats; Type: TABLE; Schema: public; Owner: -
--

CREATE TABLE public."Chats" (
    id uuid NOT NULL
);


--
-- Name: Connections; Type: TABLE; Schema: public; Owner: -
--

CREATE TABLE public."Connections" (
    id uuid NOT NULL
);


--
-- Name: Files; Type: TABLE; Schema: public; Owner: -
--

CREATE TABLE public."Files" (
    id uuid NOT NULL,
    uri character varying(255) NOT NULL,
    "ChatId" uuid
);


--
-- Name: Messages; Type: TABLE; Schema: public; Owner: -
--

CREATE TABLE public."Messages" (
    id uuid NOT NULL,
    content character varying(255) NOT NULL,
    "createdAt" timestamp with time zone NOT NULL,
    "updatedAt" timestamp with time zone NOT NULL,
    "ChatId" uuid
);


--
-- Name: Notifications; Type: TABLE; Schema: public; Owner: -
--

CREATE TABLE public."Notifications" (
    id uuid NOT NULL,
    content character varying(255) NOT NULL,
    "createdAt" timestamp with time zone NOT NULL,
    "updatedAt" timestamp with time zone NOT NULL,
    "UserId" uuid
);


--
-- Name: Photos; Type: TABLE; Schema: public; Owner: -
--

CREATE TABLE public."Photos" (
    id uuid NOT NULL,
    uri character varying(255) NOT NULL,
    type character varying(255) NOT NULL,
    "UserId" uuid
);


--
-- Name: Requests; Type: TABLE; Schema: public; Owner: -
--

CREATE TABLE public."Requests" (
    id uuid NOT NULL,
    "fromId" uuid NOT NULL,
    "toId" uuid NOT NULL,
    pending boolean DEFAULT true NOT NULL,
    "UserId" uuid
);


--
-- Name: Skills; Type: TABLE; Schema: public; Owner: -
--

CREATE TABLE public."Skills" (
    id uuid NOT NULL,
    name character varying(255) NOT NULL
);


--
-- Name: UserChat; Type: TABLE; Schema: public; Owner: -
--

CREATE TABLE public."UserChat" (
    "UserId" uuid NOT NULL,
    "ChatId" uuid NOT NULL
);


--
-- Name: UserConnection; Type: TABLE; Schema: public; Owner: -
--

CREATE TABLE public."UserConnection" (
    "UserId" uuid NOT NULL,
    "ConnectionId" uuid NOT NULL
);


--
-- Name: UserSkill; Type: TABLE; Schema: public; Owner: -
--

CREATE TABLE public."UserSkill" (
    "UserId" uuid NOT NULL,
    "SkillId" uuid NOT NULL
);


--
-- Name: Users; Type: TABLE; Schema: public; Owner: -
--

CREATE TABLE public."Users" (
    id uuid NOT NULL,
    "firstName" character varying(255) NOT NULL,
    "lastName" character varying(255) NOT NULL,
    email character varying(255) NOT NULL,
    password character varying(64),
    title character varying(255),
    description text,
    type character varying(255) DEFAULT 'student'::character varying NOT NULL
);


--
-- Name: users; Type: TABLE; Schema: public; Owner: -
--

CREATE TABLE public.users (
    id uuid NOT NULL,
    "firstName" character varying(255) NOT NULL,
    "lastName" character varying(255) NOT NULL,
    email character varying(255) NOT NULL,
    password character varying(64)
);


--
-- Data for Name: Chats; Type: TABLE DATA; Schema: public; Owner: -
--

COPY public."Chats" (id) FROM stdin;
\.


--
-- Data for Name: Connections; Type: TABLE DATA; Schema: public; Owner: -
--

COPY public."Connections" (id) FROM stdin;
\.


--
-- Data for Name: Files; Type: TABLE DATA; Schema: public; Owner: -
--

COPY public."Files" (id, uri, "ChatId") FROM stdin;
\.


--
-- Data for Name: Messages; Type: TABLE DATA; Schema: public; Owner: -
--

COPY public."Messages" (id, content, "createdAt", "updatedAt", "ChatId") FROM stdin;
\.


--
-- Data for Name: Notifications; Type: TABLE DATA; Schema: public; Owner: -
--

COPY public."Notifications" (id, content, "createdAt", "updatedAt", "UserId") FROM stdin;
\.


--
-- Data for Name: Photos; Type: TABLE DATA; Schema: public; Owner: -
--

COPY public."Photos" (id, uri, type, "UserId") FROM stdin;
f1108fdd-63ac-40c1-9f07-b6eeaf2af67c	http://placeimg.com/640/480/nightlife	profile	51dbf651-47da-4bb1-92fa-87950dffd8c1
0095e8ff-b8e6-482b-b122-96cd3e01ee4e	http://placeimg.com/640/480/nature	profile	57d4cabe-b005-49b6-aa66-4d9996758179
f88b2951-9851-4413-a67d-ab79d1f47fd4	http://placeimg.com/640/480/animals	background	33c27fa5-ab23-4bf4-b68a-a1dca4fd8a9c
0fc9a8a2-3d23-412a-9d23-1a2d6b566a6e	http://placeimg.com/640/480/people	profile	d31686fa-0816-40f2-b9c6-7807c9c23a87
ef84e4fe-a687-465a-960a-3c4d3ff22060	http://placeimg.com/640/480/people	profile	7d91a346-74e9-4f83-af6d-15b311f7c00b
9def78e0-7c6d-4625-9e46-c464aae99a93	http://placeimg.com/640/480/sports	profile	2ac4fa35-408a-4292-98fd-4b2f46b72e60
094f04c8-d794-4e99-938e-830484927147	http://placeimg.com/640/480/food	profile	996137da-155c-47c4-ba6d-15540b294a12
273cf043-c526-4599-b03e-04f655870634	http://placeimg.com/640/480/sports	background	51dbf651-47da-4bb1-92fa-87950dffd8c1
54c539ae-d2a5-487e-a5ad-877cb366a3d8	http://placeimg.com/640/480/fashion	background	d31686fa-0816-40f2-b9c6-7807c9c23a87
afc53899-9961-4643-8506-391a33d58714	http://placeimg.com/640/480/fashion	background	2ac4fa35-408a-4292-98fd-4b2f46b72e60
6cfad239-1964-4a2c-8c1e-545ba218c812	http://placeimg.com/640/480/transport	background	996137da-155c-47c4-ba6d-15540b294a12
7acb1396-45cb-499a-9bf8-a3120ba7f21f	http://placeimg.com/640/480/food	profile	7b816ce5-81d8-46d0-8906-66396b5d3b70
6c807567-0e7f-4b78-a120-4903998948c1	http://placeimg.com/640/480/nightlife	profile	579aa674-79ac-4fa6-afd2-4d1ffb467e80
493b4c58-425a-41ce-8f3f-db793dbd6bab	http://placeimg.com/640/480/cats	profile	51f0731b-4fa4-47e2-9bd4-b7dbcd17ba0a
b309370c-3c80-4f23-ba53-37544ba340ec	http://placeimg.com/640/480/cats	profile	c106ad4d-e410-402a-be3f-e660eaf8fa8a
c1fbd1b5-f945-4dac-b196-e00eb63c4f97	http://placeimg.com/640/480/business	profile	879980e0-7a30-450d-87d2-b3e6c9c53c9a
73e58265-c9ac-43f1-b88e-78541f1ab090	http://placeimg.com/640/480/cats	background	c212cd84-a4f4-45e2-9ce2-962b8332111f
efa6412b-74d3-42de-be55-bf9f021decee	http://placeimg.com/640/480/nature	profile	1a304caa-e759-44fc-8c09-973a25844a9f
7f552805-cf7f-461d-87bc-67de258f0edf	http://placeimg.com/640/480/fashion	background	25f6985b-a7c5-45c9-a221-4e7e229763b6
07e24966-186f-45b3-a653-0f8f6820ffa2	http://placeimg.com/640/480/cats	profile	47df38a4-6fee-4c99-baed-d6660517f08f
7b344f50-f16d-425d-b7da-eb12d4623a65	http://placeimg.com/640/480/fashion	profile	70f7d351-ee18-4203-893e-3c0ae0875918
2e79eadb-15e4-4394-8714-1b5b2e20420d	http://placeimg.com/640/480/sports	profile	df8d9498-ae55-4c9e-ab45-3779b74c43f3
89aabbcf-2dc6-47d9-a6d0-c271c80b2812	http://placeimg.com/640/480/sports	background	ef26f0c4-be07-42a8-a7a3-42f8d96154d2
35dc448f-876e-4f29-93b6-0b2d09152f77	http://placeimg.com/640/480/transport	profile	6721922a-627c-497d-ba99-2e53ddb9eeb3
8a4b0eb0-7da4-4c03-a641-d9c648d1f64a	http://placeimg.com/640/480/people	profile	7dc1da59-f571-45bf-95ab-30e2e6580e4f
a4da6b8a-e43c-411b-81b3-036a72fde6b0	http://placeimg.com/640/480/city	profile	1a2dac8e-aa0d-4e9c-b648-537039d112d2
af11bb46-0d60-4894-bb05-80786ea48837	http://placeimg.com/640/480/nightlife	background	2328d397-0d08-4450-9c7b-d9bfd6135a40
4d967d8a-85ee-48b1-b532-9d84acae7bcc	http://placeimg.com/640/480/transport	profile	274cc663-2fad-4f30-ad81-dd0164a4f558
3fc456df-3ac0-4454-a0c5-91ec3ae74cc8	http://placeimg.com/640/480/nightlife	profile	d2933b50-b4ab-4b27-917e-e234f378c40c
33f58aac-90f3-45d4-a903-294b8964db04	http://placeimg.com/640/480/food	background	2600e806-704e-4f2b-97de-d91d9088eec8
0b96b7ce-f9d6-4b6c-aa32-13420950576d	http://placeimg.com/640/480/technics	profile	11bced9b-d3d1-4926-9eaa-5ca4083f2412
ad78b308-2dbc-4cce-9b66-615f74cb79dc	http://placeimg.com/640/480/people	background	9a10bc4c-8cd4-4eb0-b2ba-5860c531253b
0f47ce01-a246-4702-8cac-ab9f94334b89	http://placeimg.com/640/480/people	profile	a04e1429-6ae3-48b8-a961-a78d897c9eb0
7df0975b-2e63-4ce6-aa49-38d7e1812067	http://placeimg.com/640/480/fashion	profile	375c342f-5082-46c7-be19-b769d1470086
bcf6b1d8-29a5-4d62-8b74-aa969a764fb4	http://placeimg.com/640/480/abstract	profile	baa8042f-48c2-4abb-9af3-f98ce8b5fad2
5d6bf450-b217-4e56-9c4a-482f5c406b0e	http://placeimg.com/640/480/transport	background	dc403048-8897-4aa4-9428-38f2e87b53ad
36b10148-fedf-40a7-8d1d-9c5a5ebe3385	http://placeimg.com/640/480/food	profile	3af46527-cecf-4768-a6d0-b03f0ce9ddac
1386ecd9-6a06-47ba-889c-2e42f5016796	http://placeimg.com/640/480/nightlife	background	859d3ccb-a100-4752-a233-f10400287750
43ef2b38-87f3-4153-be22-5c6362d0e403	http://placeimg.com/640/480/sports	profile	935392d5-0636-48f3-8cdb-1ce8a82ceeff
8fb6061b-1c64-4c2c-8d42-7e99fdc06adf	http://placeimg.com/640/480/technics	profile	c1002024-e59a-4fab-9bd8-5f227d02cccf
9a33f0b3-1396-4f47-beaa-6c09d9731dbd	http://placeimg.com/640/480/cats	background	60792ab5-79ce-4c66-87a3-2183bde12f8d
04d9da87-e91a-457b-b9c8-aa50a94a2200	http://placeimg.com/640/480/nightlife	profile	9d0364ef-0dfd-4313-8448-c125a4404d31
73aca0ce-4dfb-4293-a993-e7587ea4d874	http://placeimg.com/640/480/transport	background	6a7d47f4-a20e-46fa-8d8c-21d8f8acf111
57b51fa4-c83a-4ae1-b4dc-2a2e30639c6d	http://placeimg.com/640/480/food	background	10633cea-40c8-464a-9d1e-b7b0d643cd96
88d07f63-e893-47c5-9e3e-84a96cb1cd4c	http://placeimg.com/640/480/fashion	profile	66a0325e-b041-4a50-a47f-68dbe045a95a
2b258397-4b09-4070-9f40-30efd454e8bd	http://placeimg.com/640/480/food	profile	00fb4788-ff41-4afb-9752-8f0b8340d920
9d9e45ef-b61c-4b31-8e5f-fda21d9651dd	http://placeimg.com/640/480/sports	profile	c9b790a8-ebb8-482d-a106-5616e2addd32
7add3991-b1e0-4f8a-9dbb-c647a2b2fbef	http://placeimg.com/640/480/nightlife	profile	366594ba-8be7-4a3f-b79d-87b814540483
d8ccb259-454f-45fe-946b-028ea78f6f5b	http://placeimg.com/640/480/food	profile	51aa194f-f8f4-4bfd-bd12-0364fa9dfe90
e7136ab8-e062-4ae0-951b-7ca89134b8a7	http://placeimg.com/640/480/abstract	profile	69930b6e-7aaa-44d9-84f6-279d601df4e8
860d2b15-a9bc-4448-9c0d-882769acb8cc	http://placeimg.com/640/480/animals	profile	b369ffef-f3aa-42df-ab52-fdc503954c85
de21b3dd-4bc5-4eb8-855a-549d9e5fab16	http://placeimg.com/640/480/food	profile	29e161bf-9ee0-42b7-b783-52ee9ca10e3d
d4385b45-ba1d-47d5-a2db-0e3c401a6f17	http://placeimg.com/640/480/abstract	profile	715d09a6-8e76-470e-8070-5319c222b858
61838648-2ae5-4f54-9e9a-eed916a9a814	http://placeimg.com/640/480/transport	profile	3ae58b0c-207b-4ad0-97ef-1045a44d1b82
7166fe99-8fa0-4b3f-b6a8-4a1e5fca5669	http://placeimg.com/640/480/transport	background	fc6da6dd-370a-45fe-bb31-68147f9b9f03
2033ff4e-53e1-44ed-b912-e893d9e61dbf	http://placeimg.com/640/480/business	profile	dd0917aa-1ba8-4e83-a6f4-095d3036737e
4e9fa9c2-35b1-4033-9fa3-6b673d1de8f3	http://placeimg.com/640/480/transport	background	e2810805-346b-4d9a-b960-da66987e4b42
47fc3cde-564f-4274-a9f3-c966eb955301	http://placeimg.com/640/480/cats	profile	3b1c173d-48a6-4e01-870b-20ec4aa65919
7ad0eedc-4399-495e-a9a8-808eb2444b6d	http://placeimg.com/640/480/nightlife	background	df427686-5ede-44d3-9b31-bc9d1298f220
0b832044-5eb7-4f93-970a-c2de9ffaf271	http://placeimg.com/640/480/food	background	68f7e47e-5f41-485b-a980-0ae193a24fe4
07f772b0-ec01-47fe-874d-8e51ac8d3678	http://placeimg.com/640/480/business	profile	de3fee70-3f8f-44fd-8be5-9c7946c32eaf
4173b93a-975b-4478-adb8-33950b7dc616	http://placeimg.com/640/480/nature	profile	fb4f37a1-1b0e-4ee8-b866-dfc92954a957
0a5f2c53-aa9c-4bdc-ada0-1ffec397cae8	http://placeimg.com/640/480/sports	background	0d55e093-2f1f-41ba-b4bd-8353eb219557
996832f4-417d-4a43-b88a-254f6f1709a4	http://placeimg.com/640/480/transport	background	9722fee0-2ce5-4eb0-8571-dd6ea45113b0
9449077b-109b-4385-8426-527b934308b7	http://placeimg.com/640/480/food	background	fb209532-63b8-4f32-bc86-dfbb72666958
183d3c78-5ad2-4e30-951a-3c69eab9c480	http://placeimg.com/640/480/fashion	profile	e94b2114-a079-4c71-81ea-f253914112fb
41e9268d-6c58-42ec-a147-4b0fc67fd4af	http://placeimg.com/640/480/nightlife	profile	2b838895-1006-4d0d-8430-881facb176c1
dfe1ae96-e380-484f-8dc7-aa042dbd3ab4	http://placeimg.com/640/480/technics	profile	014ce26f-14ac-4df5-b802-8c4905629b53
92e41fe4-4cea-42fc-af9a-24ced61f4d20	http://placeimg.com/640/480/transport	profile	7d3dae7f-cd30-4a98-b135-4b4864e75b25
79d778d0-10ef-46e8-99e2-7b2f807daa2a	http://placeimg.com/640/480/nightlife	background	b19e8551-4777-42d7-8b4c-fca7a1ac2a6e
f52150f9-7e6c-467d-9fc0-3f4aca76ba7a	http://placeimg.com/640/480/people	background	7b816ce5-81d8-46d0-8906-66396b5d3b70
cf1ba2ce-439e-47f3-91ce-0c24bfc9951a	http://placeimg.com/640/480/animals	profile	87587ac3-301f-4fca-ac57-90ff342040ec
0f7f5cd4-d1d8-45f5-8564-08147f213201	http://placeimg.com/640/480/technics	background	a295268c-7e40-4494-94d4-c4de61ce4c6c
92add7c7-bd28-41e1-8769-2d2225a95d28	http://placeimg.com/640/480/business	background	286ac730-9775-434c-905c-b974a20d0b81
82943f26-4753-4c88-a22c-8fe8b1ba0b35	http://placeimg.com/640/480/cats	profile	d3a98889-3bd2-4c39-be89-a25b4b2a7ec0
a90a5a2f-8896-44e2-aa6e-326276dac2fd	http://placeimg.com/640/480/business	background	964c17b3-0eb8-46b9-82a7-bf9125c2d836
be9c3e85-b224-4594-a44b-64266b1b8ab8	http://placeimg.com/640/480/fashion	profile	2286a658-14ca-4f61-9984-bf308287d1b3
39c6b7d5-7ae1-494b-b02a-bbdf8e48753c	http://placeimg.com/640/480/people	profile	2596ad3e-9894-4ad7-98f3-a09d3c87cb11
10598040-0fcc-4ad2-848c-4c51fe521920	http://placeimg.com/640/480/people	profile	e517762d-93d2-4748-8353-f596cf1df272
a58f8b2a-a5e1-4754-9731-a340281c5d0b	http://placeimg.com/640/480/animals	background	efe6a84b-2c1e-4334-abbf-1acdfdfa2028
02685557-391a-4fbe-85d0-8bd94b26abad	http://placeimg.com/640/480/animals	background	47df38a4-6fee-4c99-baed-d6660517f08f
072b1b5a-1057-4bc1-bd2f-5bb9b8300710	http://placeimg.com/640/480/sports	background	70f7d351-ee18-4203-893e-3c0ae0875918
3c6081ce-48d3-417d-8207-c4c441ef0f47	http://placeimg.com/640/480/nature	background	df8d9498-ae55-4c9e-ab45-3779b74c43f3
8ce1f19f-dc68-4d8f-a04a-f498cc5a82b3	http://placeimg.com/640/480/city	profile	b0d94687-aa58-4329-be59-0d249de4592a
9375eeec-e373-43a1-a8a7-db415f6d6cb1	http://placeimg.com/640/480/nightlife	background	87587ac3-301f-4fca-ac57-90ff342040ec
882658b9-9da4-4cdf-8087-23ff2aaaf539	http://placeimg.com/640/480/nightlife	background	d3a98889-3bd2-4c39-be89-a25b4b2a7ec0
79c354dc-9a9e-4abb-9963-ddf7294b49c0	http://placeimg.com/640/480/cats	background	2286a658-14ca-4f61-9984-bf308287d1b3
5acc28c4-f2e4-4216-848b-4057f906e412	http://placeimg.com/640/480/cats	profile	903ea9af-fcff-4374-a401-b029abcd8663
ddc21b22-f8bb-40a2-aad7-92e8298fce04	http://placeimg.com/640/480/food	background	b369ffef-f3aa-42df-ab52-fdc503954c85
92b7fde2-2ecc-4701-b835-31c369942593	http://placeimg.com/640/480/city	background	715d09a6-8e76-470e-8070-5319c222b858
bdafed62-1eb5-4fbd-9ac9-1cfb45887527	http://placeimg.com/640/480/nightlife	background	014ce26f-14ac-4df5-b802-8c4905629b53
a3ff0212-8d38-4988-8cfd-2ab7b0157f52	http://placeimg.com/640/480/sports	profile	1e89b574-c6a9-4b15-9b8d-35b910441746
3d16ce85-027d-4587-a584-f32a11a5b0e8	http://placeimg.com/640/480/nightlife	profile	e326e57b-7f6d-4f30-bb83-e07328444a49
74879e3b-7af3-44b2-b799-d599e26d66b3	http://placeimg.com/640/480/transport	background	d088ab69-a1e7-438f-a965-4e3334860909
953cfbf7-a0f6-4482-a93f-0bceed5e2545	http://placeimg.com/640/480/animals	profile	983f3ce9-f983-4b03-8eb2-403cf37e9d26
438cc77e-6eec-4bb7-89a7-9152ef373c9b	http://placeimg.com/640/480/people	background	375c342f-5082-46c7-be19-b769d1470086
cb04b5fc-d84f-489d-ab06-e11f56f9e4a3	http://placeimg.com/640/480/transport	background	9d0364ef-0dfd-4313-8448-c125a4404d31
13a94360-c78a-4ed9-8ecd-a9c6e1825673	http://placeimg.com/640/480/abstract	background	c9b790a8-ebb8-482d-a106-5616e2addd32
91bb9ac7-393f-4906-9564-75014bc2c1c0	http://placeimg.com/640/480/business	background	e94b2114-a079-4c71-81ea-f253914112fb
0d61960e-ca48-49c8-bbf4-fffd34bcdb09	http://placeimg.com/640/480/cats	background	75cfd682-1169-4117-87a2-9eee312c000f
1fd03cc0-67f0-4cde-ab8f-77081aa5a8fc	http://placeimg.com/640/480/people	profile	e12c144a-064d-4c86-8c7b-4ea1c9c5171b
316c2f79-7f41-4d19-b1bf-3cb8c5b26fea	http://placeimg.com/640/480/business	background	1e89b574-c6a9-4b15-9b8d-35b910441746
5c3e1a56-358e-40a3-9e66-94e35e82d95a	http://placeimg.com/640/480/cats	background	e69519f5-0e43-485b-9e8a-3ff4ebe691d8
2843f72d-5660-4b54-a523-753dc6db9a00	http://placeimg.com/640/480/fashion	profile	e55d8a00-17b8-4395-ab85-c4b100a33062
dcac9388-b9e2-46dc-980e-77b0488b598d	http://placeimg.com/640/480/business	background	29e161bf-9ee0-42b7-b783-52ee9ca10e3d
b03c5697-9235-4189-a631-ed88ad1f4c39	http://placeimg.com/640/480/sports	background	3ae58b0c-207b-4ad0-97ef-1045a44d1b82
7839d039-110b-46e3-a18c-b809299d2edc	http://placeimg.com/640/480/fashion	background	dd0917aa-1ba8-4e83-a6f4-095d3036737e
6e33db05-8b28-4948-868b-c21adc6a01a0	http://placeimg.com/640/480/sports	background	7d3dae7f-cd30-4a98-b135-4b4864e75b25
8cddf82b-4172-4769-b9ea-fe7ed32ce3aa	http://placeimg.com/640/480/business	profile	e69519f5-0e43-485b-9e8a-3ff4ebe691d8
41fc5aac-baea-4ed1-93ea-7a7fd97f71a2	http://placeimg.com/640/480/transport	background	51e3593e-8497-478e-8741-c026ee1c3fec
0be18976-d64f-4561-9234-fb33baaff06d	http://placeimg.com/640/480/animals	background	11bced9b-d3d1-4926-9eaa-5ca4083f2412
13462795-2cca-455b-bc95-278cf216f8e8	http://placeimg.com/640/480/nature	background	baa8042f-48c2-4abb-9af3-f98ce8b5fad2
8b180d97-f3af-4ce1-a4af-2c2abc813b58	http://placeimg.com/640/480/transport	background	3af46527-cecf-4768-a6d0-b03f0ce9ddac
71d843d8-9766-4756-8e8e-97c6991ded87	http://placeimg.com/640/480/business	background	935392d5-0636-48f3-8cdb-1ce8a82ceeff
29995182-1dcd-4ce5-b1ab-bdbe34dbcb60	http://placeimg.com/640/480/business	background	366594ba-8be7-4a3f-b79d-87b814540483
a159ecb6-4b66-491b-96eb-7e17451ef0e0	http://placeimg.com/640/480/nightlife	background	2b838895-1006-4d0d-8430-881facb176c1
2e2cdb10-63f3-42a2-94e9-65fd7c6a439b	http://placeimg.com/640/480/sports	profile	152218c9-0d03-4516-9b58-42559afe0c50
60e80bc5-7aa1-4bb4-96dc-69f4cea62225	http://placeimg.com/640/480/nightlife	background	11445d76-b656-43de-86b3-6bcbb3cb4928
2e821c51-ed43-4c92-b278-b2bf2d3dc4af	http://placeimg.com/640/480/nature	background	66a0325e-b041-4a50-a47f-68dbe045a95a
6507bff5-078d-4cfd-bb2c-abcecf66947b	http://placeimg.com/640/480/food	background	fb4f37a1-1b0e-4ee8-b866-dfc92954a957
93a865ff-b172-4813-a9e9-808840d1703f	http://placeimg.com/640/480/fashion	background	e12c144a-064d-4c86-8c7b-4ea1c9c5171b
5db90ff8-1372-4236-856e-6454e020fd4a	http://placeimg.com/640/480/city	background	ebfa97ff-bd14-462f-8b78-b018fccfcef2
c39f3175-fd33-4354-9674-70d76be1c40e	http://placeimg.com/640/480/business	profile	8459f50e-5a6c-4506-b781-4cee981fafba
20bc5bdd-106c-471f-99e0-45a83cab0eed	http://placeimg.com/640/480/business	background	2f7af0f0-38a4-4ab5-b443-9d9c9487e705
7fc10fc7-2c4e-4a3d-8df2-ef96bd5b5014	http://placeimg.com/640/480/sports	profile	7d20834e-99a5-4efa-b0d6-b33b8e4da4c6
b9dd57e9-9dcb-463a-a8c8-079b842aa83b	http://placeimg.com/640/480/sports	profile	0e28c0fd-7512-4113-ba19-1a901dc1b56f
2ed81adb-96c7-4305-a226-b9fed9e720eb	http://placeimg.com/640/480/nightlife	profile	20667edd-d7e1-40ed-a817-cfc763542718
4e661a91-8252-4c23-9c2e-c388d1bc1e8d	http://placeimg.com/640/480/nightlife	profile	73e475da-41ae-4157-be96-393c171f1e71
67309e1d-af91-48c3-9237-07ab9a0c2ff3	http://placeimg.com/640/480/fashion	background	1e24325c-1529-41b3-98e9-3b9dae4b9d05
f9d427bd-8beb-452a-be3a-e6e00e01a79c	http://placeimg.com/640/480/abstract	profile	b49a5ab9-2925-4aee-ba23-6a3f8a96e61d
78c84413-c0aa-4b80-92ab-f85cef03aa5c	http://placeimg.com/640/480/business	profile	8f631838-9c09-47f7-b3b4-2aa233989301
0ec073a4-571f-4348-af99-f1579625b9ab	http://placeimg.com/640/480/people	profile	12923841-02e2-420b-ad96-4ad94cd1fe4c
934a8eea-64ed-4347-8682-2af54fb7f872	http://placeimg.com/640/480/cats	background	7d7fa507-a80e-465f-a8cf-50ccdf9c1c67
b43bcd62-c338-4676-b6b8-e622e1500f05	http://placeimg.com/640/480/nightlife	background	4e097e38-3b62-46a1-97f3-7e10515db9d8
fef2bfd6-94b9-477b-92ac-893dcfa6cb82	http://placeimg.com/640/480/nature	profile	1c2cb519-a812-4eba-8853-5e40e2baab1c
4412b33d-69ad-43d9-a2ed-7e25334e2f55	http://placeimg.com/640/480/animals	profile	2c4442b0-f3e6-4e5d-bb60-d259c9ad0272
c6712af1-dc71-4e48-b8c3-20e963566486	http://placeimg.com/640/480/city	profile	afe31371-72df-4b8c-b6fb-dfa244c8e831
67c1cdd4-ecf3-432f-9730-a680c3d1fc0a	http://placeimg.com/640/480/food	background	7e4837a9-cdc7-499e-9212-87f791bd5c03
4dcb6626-f647-4ef1-ab28-f88e54805bc0	http://placeimg.com/640/480/people	profile	db35a9ae-65b9-40ea-9709-350deeb4e5a6
02f58d5c-a1fa-4a6f-886e-178bf777bb20	http://placeimg.com/640/480/nature	profile	4f889093-2418-4bdb-af2d-81f4e37ba8be
11e00e13-21d1-4ed9-af7f-d3bb3393b147	http://placeimg.com/640/480/fashion	profile	4f41c49c-609c-44dd-967f-cd6e45b3bf36
d26168c2-e479-47c7-b86b-971b2f39a56b	http://placeimg.com/640/480/nature	background	9c84eeae-ae1e-44d3-8f00-32922f56d68c
3602c602-adb2-46c7-9c94-efbc48e2bb1b	http://placeimg.com/640/480/sports	profile	cf762c7d-f4b0-4fd0-86c1-f3ed751d0d12
29531e6f-c16d-4393-8796-09487ad9a9f8	http://placeimg.com/640/480/city	profile	f3f0b846-1765-474f-85ca-3af4b5f4fae8
f950d56d-4e87-42cd-8bda-3072bdc8b32a	http://placeimg.com/640/480/transport	profile	f591a56c-71b9-4986-aa04-96996d8f20d4
de8c312f-993f-4600-8bc2-5fe3029178e1	http://placeimg.com/640/480/technics	profile	1260dd78-1e92-4cb7-a316-da6b3a888ed8
9422b71f-6df5-4af4-acd0-da6e22cf8166	http://placeimg.com/640/480/technics	profile	cb94acb0-fd41-4408-8597-902b815aede6
9614f626-88d6-44a5-b43d-e1be127d913f	http://placeimg.com/640/480/transport	profile	965f63bc-67c3-4110-9942-982cf450441d
4e08140f-774c-4e21-a6b7-beb969be28a5	http://placeimg.com/640/480/city	profile	28453e62-b496-4842-a11b-8759a99249c3
3f28b5db-ae5a-43f5-944c-8d89862fc0d9	http://placeimg.com/640/480/fashion	background	1471f945-cb49-4f19-b52c-d0111777783b
77c3ea53-8abe-4bc7-b5f3-e457a63e88c7	http://placeimg.com/640/480/city	profile	5157fed5-c385-4a6f-87a9-f9fb5e1880f8
a37d2dca-7df1-4ff2-9b89-40b8515f59e0	http://placeimg.com/640/480/city	background	25c9f391-ae91-4704-bdde-0a148a126fa9
1cba8765-a778-423f-871b-eba15a03a64a	http://placeimg.com/640/480/abstract	background	6d5ab1eb-e99b-4221-b10c-48124c5c3b14
94fe5907-5be3-45a0-96f8-8bcbab4156a5	http://placeimg.com/640/480/technics	background	e74a1125-9fcb-463e-bb65-436672251945
57108063-0d06-483b-8943-c597388be668	http://placeimg.com/640/480/abstract	background	31219bfa-170a-4352-89d6-efc0ffd06277
bbb0188a-1f25-4eef-83cd-713bec2204dd	http://placeimg.com/640/480/technics	profile	76a7efa5-6cbe-4f93-b22d-51007e2ad18d
137ee418-4cc7-45a3-a671-d4dd2ee1ccbe	http://placeimg.com/640/480/business	profile	fe2bbd17-be7f-4f15-9531-c8b8f9879e08
1eca336b-6ffc-4388-b296-943d35e12b50	http://placeimg.com/640/480/transport	profile	44693f71-7c36-4314-ac1b-f327ae27d8b7
bde6f033-5ffc-48a4-aae4-1fbb132739c4	http://placeimg.com/640/480/cats	background	919e10f1-44ae-4d17-b812-a9e788dec4d0
3f293785-5923-4818-acfd-af9bd5549fac	http://placeimg.com/640/480/fashion	profile	3203a403-bb3e-4da0-9707-38a522676d41
c03d3152-8043-4371-826c-ab2a1dd4273f	http://placeimg.com/640/480/animals	profile	36c34648-908c-4700-a20c-4f3d7963858f
f34b9521-9c0e-4401-856b-8fa168fecdb4	http://placeimg.com/640/480/abstract	profile	57cbc12c-8d3b-4072-93e8-baaeeeb3b557
41ba0f21-6238-4c7a-8ee5-3d9e57879e36	http://placeimg.com/640/480/technics	profile	4c621033-a073-4057-8595-9cbcbdd45723
fb7aeefd-0de6-4dc5-b74d-aa4a63c92afa	http://placeimg.com/640/480/food	background	5463d62a-e248-48e1-b439-2d4a23e959de
f7deeb5f-774c-4ea4-bb25-8eff04d0e89d	http://placeimg.com/640/480/fashion	profile	a14a8c4a-8f75-4f8d-85f9-a65d0accea39
6de55f7d-0014-4c84-a102-f6c22cf9ae84	http://placeimg.com/640/480/cats	profile	076e80cf-7d2f-4c82-bd0b-e65b7efeeb4f
77a44ad7-d792-47ff-b285-b8b92fbff712	http://placeimg.com/640/480/abstract	background	8459f50e-5a6c-4506-b781-4cee981fafba
f613ca0d-cdc0-437d-91a1-df7c001e5725	http://placeimg.com/640/480/sports	background	0e28c0fd-7512-4113-ba19-1a901dc1b56f
02b759c6-5c3d-47dd-82cc-b998f4582b2b	http://placeimg.com/640/480/transport	background	20667edd-d7e1-40ed-a817-cfc763542718
933c1fe8-6340-4892-af52-611f85045c48	http://placeimg.com/640/480/nightlife	background	73e475da-41ae-4157-be96-393c171f1e71
02a0840e-b0e8-4540-b8c9-c387ad6d2e2a	http://placeimg.com/640/480/abstract	background	b49a5ab9-2925-4aee-ba23-6a3f8a96e61d
16c885a6-4ab0-4def-a753-6e867d5edc1c	http://placeimg.com/640/480/business	background	afe31371-72df-4b8c-b6fb-dfa244c8e831
fa9e48ba-7237-4f69-8f11-7ebae0cc2eb9	http://placeimg.com/640/480/animals	background	4f889093-2418-4bdb-af2d-81f4e37ba8be
55ab448f-7eaf-4165-b5de-76603a2e91e4	http://placeimg.com/640/480/people	background	cb94acb0-fd41-4408-8597-902b815aede6
ae6ec8c5-58fd-473f-a685-a291ab927150	http://placeimg.com/640/480/technics	background	5157fed5-c385-4a6f-87a9-f9fb5e1880f8
98342a27-011b-4089-87b3-dedf2d817291	http://placeimg.com/640/480/food	background	3203a403-bb3e-4da0-9707-38a522676d41
de431787-75f7-4247-80d8-3ededeb89ff1	http://placeimg.com/640/480/cats	background	36c34648-908c-4700-a20c-4f3d7963858f
2469c697-c5ca-4856-9f9a-b4ce1434fe25	http://placeimg.com/640/480/fashion	background	076e80cf-7d2f-4c82-bd0b-e65b7efeeb4f
96d72d8c-0483-4bc6-9642-fe200a0b12d9	http://placeimg.com/640/480/transport	background	087f24ac-1977-4dea-9ff8-1a5b08a785b9
16f9ab61-14b1-4804-889f-515827641455	http://placeimg.com/640/480/abstract	profile	6388b57a-25cf-40be-80a6-01b7c23a850d
b0d63543-2b60-4fa8-a3fe-54f6bbe9cfe2	http://placeimg.com/640/480/business	profile	c675d48b-4973-4d94-9d38-b144be02e263
9620e6f4-8528-4230-8496-9c44d9b2e59b	http://placeimg.com/640/480/abstract	profile	10a824fc-4100-448c-b645-20a8023394b2
655828ff-a4d6-4fc0-a529-271ffdf7c405	http://placeimg.com/640/480/technics	profile	7c2d2ac4-64cd-49dd-855b-d4c00a43160f
39cd2d3a-0e7d-4975-a1ec-014e4ac0313a	http://placeimg.com/640/480/transport	profile	4542e95e-b893-4c8a-8956-71c86e35d27f
707436c9-61dd-4a54-88fa-638237618d76	http://placeimg.com/640/480/abstract	profile	7a51b67d-73ef-4cd1-aee6-d04268da5ffb
8678e574-f109-4d16-a90f-a951e3472962	http://placeimg.com/640/480/transport	background	8f631838-9c09-47f7-b3b4-2aa233989301
8dbebb12-5059-46f0-b6ad-c51fa64804ab	http://placeimg.com/640/480/fashion	background	2c4442b0-f3e6-4e5d-bb60-d259c9ad0272
0bf7eb56-491b-4402-a2e5-6ed7ec26e394	http://placeimg.com/640/480/nature	background	db35a9ae-65b9-40ea-9709-350deeb4e5a6
854bcd77-eaf4-45b2-b41a-a406c37a9fce	http://placeimg.com/640/480/nature	background	f3f0b846-1765-474f-85ca-3af4b5f4fae8
8ac59d7c-441e-4168-bb6a-9c0988a09f7e	http://placeimg.com/640/480/business	profile	fb7af2af-4551-44cd-9124-adab7a35791e
b8d9a52d-d50e-42c7-b5ad-828b03969a1c	http://placeimg.com/640/480/people	background	994b886b-190e-467f-adbf-b6ab1cf5b914
635266b4-fec2-4c12-bc0a-35c36635545e	http://placeimg.com/640/480/fashion	profile	cbdbd656-0e19-42ca-b32b-c292fef03dc2
e4d832d1-3f93-49de-8d50-3b067ee74ec1	http://placeimg.com/640/480/city	background	847842da-076b-462e-a59a-516749dd6a01
f265ca40-226b-4ed0-9788-897a36381866	http://placeimg.com/640/480/food	profile	a1c70cb3-ec91-42b4-b4be-5c9368cfe647
90d84a71-ab54-4940-89d2-0c4b67ee4770	http://placeimg.com/640/480/business	profile	5cdd5f6a-50d1-4137-9b21-add4c8628ec8
09c56c91-3d19-4455-8a5e-787b3f01b8ae	http://placeimg.com/640/480/food	profile	33f51ba5-d822-424e-ba83-1ad5d4a58263
3f024088-94af-4416-a712-fdf947549e8e	http://placeimg.com/640/480/city	background	7c2d2ac4-64cd-49dd-855b-d4c00a43160f
464f8c1f-f4e4-4710-beb0-cfe35fbe6731	http://placeimg.com/640/480/people	background	7a51b67d-73ef-4cd1-aee6-d04268da5ffb
0e65d586-e452-4848-8b8d-574b2a359f7d	http://placeimg.com/640/480/transport	background	a14a8c4a-8f75-4f8d-85f9-a65d0accea39
a638f72b-4d52-460e-ba40-9e80ef35d29e	http://placeimg.com/640/480/food	profile	3742bc24-241e-4de4-a7ce-4c6d38c860c2
d8f72e67-f913-4576-b492-b5b8a69b8650	http://placeimg.com/640/480/animals	background	9c49653a-bd6d-4c3a-b614-125922b2e05c
f0c9f331-fce0-485c-b61b-4e9531ee51b2	http://placeimg.com/640/480/abstract	background	b9898cf9-868d-42bf-aab2-e5d0b2b09534
39c16642-d2de-4d69-acd5-178e0630f7db	http://placeimg.com/640/480/abstract	profile	8762dfe7-f877-4214-af2d-cedb8ea7e83b
122f3a75-7761-4ff3-975b-b6cff0b81284	http://placeimg.com/640/480/abstract	profile	8a0999d0-7bfd-4101-861e-2f73f67b11c8
e7cf002c-b52a-4d20-a1d2-e731116f8ed0	http://placeimg.com/640/480/sports	background	a6372896-fbd0-417b-a81a-f57ac65d9272
4ded4517-8c87-46c3-a563-4fdc9e6d0edd	http://placeimg.com/640/480/animals	background	fb7af2af-4551-44cd-9124-adab7a35791e
86aa15ad-859d-4ef6-a734-11631a97cb2c	http://placeimg.com/640/480/nature	background	6388b57a-25cf-40be-80a6-01b7c23a850d
26e2e538-7040-4c89-b042-a4d36d9926e7	http://placeimg.com/640/480/nightlife	background	c675d48b-4973-4d94-9d38-b144be02e263
3f5bb322-dd3f-457a-876e-7b648667f451	http://placeimg.com/640/480/city	background	4542e95e-b893-4c8a-8956-71c86e35d27f
8941b544-0170-4e6c-9972-62ec35de69d5	http://placeimg.com/640/480/food	background	33f51ba5-d822-424e-ba83-1ad5d4a58263
eded34ff-2477-47ce-a847-1c306e91ac5f	http://placeimg.com/640/480/business	background	44693f71-7c36-4314-ac1b-f327ae27d8b7
\.


--
-- Data for Name: Requests; Type: TABLE DATA; Schema: public; Owner: -
--

COPY public."Requests" (id, "fromId", "toId", pending, "UserId") FROM stdin;
\.


--
-- Data for Name: Skills; Type: TABLE DATA; Schema: public; Owner: -
--

COPY public."Skills" (id, name) FROM stdin;
7ae7cf19-ae7a-421c-817d-5ba3b337e171	Quo
882b52aa-1a14-4bee-a778-f0731776f3cf	Esse
5ba83fea-1faa-47f1-a902-3245b9688a8b	Qui
70ed6481-d845-4626-8035-9f432bc8d3d1	Maiores
cd55628b-4f85-486e-8123-7092636ae5ab	Corrupti
d3311d97-6e15-487c-bb9f-998de272f93b	Laborum
b61ffb68-5e56-47bb-8710-93d6d73087d4	Deserunt
51788860-a50f-4855-9f0a-8b94b49eff0e	Mollitia
bad0d62a-4f06-4dab-ac00-130a2d84d10f	Earum
4a4e4704-efaf-4191-8058-38d02d56d757	Voluptatem
574f481a-8c27-4fd0-bd60-c8e35563038b	Ducimus
c9b27760-be5e-4fd6-9486-97a0673716e1	Soluta
0f3dc626-609f-41e2-8430-96bf41f3df32	Eum
c9dbfc2c-7e3d-4208-a391-ac6eaea115cb	Corrupti
d1a1bc31-91c4-4168-aa66-1d550c81df4c	Laboriosam
652691f8-5675-4c2b-9090-0608d161c38c	Quaerat
2952fba4-c337-4e8e-a6ec-ab73a834e9e4	Magni
7216a7be-29dc-4e2f-8812-34ca748476fc	Dolorum
4341d6d8-1b78-419a-b52c-be07ed94ca7b	Qui
ef2a376b-8e1f-4cf7-a9b7-1f2986f4f4f1	Accusamus
a536d31d-e0df-430f-bf1e-3f3715b261c2	Repellendus
a10762e3-6b62-46c1-bdaf-61d8ccf0ed8b	Atque
8fee31ef-fed8-4d84-960b-4c98fde29e48	Consequuntur
65719458-b4c0-4deb-a7f3-4a220fb46d75	Eum
20ca8cbd-6698-43ef-b878-83f604f06237	Ut
9bdc0df2-9c13-457b-946e-2b229262c932	Odio
165d50ae-8747-4a01-aaee-94f7d23fb432	Quia
9cdd2e07-b31e-45c3-b3d2-a9c894f40d34	Quibusdam
f785234e-4843-4290-aa02-04c85f77c111	Quae
c8130c42-2fc2-439b-85f2-a909a69f909c	Nobis
ad505254-85b0-4a3f-8613-9f324a4b804a	Et
ee36b760-1a6a-45d8-9af7-cae400d7c32b	Rerum
f8cf2b07-c426-4a64-a559-5f0a52168323	Exercitationem
740ffba1-dad2-4b17-8d9c-9bb91a5c4d95	Illo
f194e36c-17a8-4599-a468-5753656e5594	Distinctio
3b539853-414e-4e0d-944a-a43f492de1b6	Velit
1f06ef24-510e-4ca4-bb93-e98696dab15c	Perferendis
192fd8c2-b411-4926-b66d-3737af42e0a4	Inventore
31c928d1-7cad-4c85-9e16-0b8dc29a3b55	Ea
6685ad19-e824-4132-8555-4d50c4e393ba	Adipisci
f8e9f236-57c2-4dc0-88ed-1aeb7ecabf40	Accusamus
ca1a339a-7b9d-4f5d-a557-ff5ee301fa23	Aut
d8df8e02-f5a9-47a4-8105-9f11ae25dc07	Voluptatum
8a582c5a-c534-4557-8b76-78f40862a476	Enim
1a87b544-d0dc-4d88-89be-628bf5546734	Pariatur
45f6dd86-d961-48c9-b09b-fd1fc5629c5d	Quos
2c95da8e-9893-4762-aea1-0d3eda69a9f1	Voluptas
597dc2b4-4dcb-4dda-93a3-eda75d9a3ee0	Officia
1cda0599-bfec-4fe6-96e4-95216bbbf247	Nesciunt
dfb3af25-c8ac-4dbf-88f4-55d45c1c5c8e	Cum
684b3cf4-44a0-47f1-9a79-e7f5b6dc6716	Tenetur
bac58ba6-7e8d-4638-962c-ef8fdae70443	Tempora
a0c90460-0a56-41f6-9807-34a3b8d6b434	Incidunt
663c5020-7e76-4695-9402-b152681488bc	Similique
300b15dc-3440-47ff-b7de-e8c769e40afa	Enim
762caf1f-c39e-47fd-aec1-e17c8a16ab65	Accusamus
deff8712-2f09-4542-9633-97de5d89d4db	Optio
e9136249-e3c6-416a-bb26-d58f9e180713	Facilis
4561afd7-2f5a-4805-8f0b-57fe77106ada	Voluptates
eb132066-da0e-4bec-8560-e334962ede37	Voluptas
37d80b5e-29b9-4102-87d1-cdf01f92152a	Vel
2d5cd307-9555-4ab1-bde5-075635797672	Minima
24d5938a-664a-4e01-8f79-129c0b86e05b	Velit
91d7d1a4-d19e-4d9b-b3c6-d213642a1660	Deserunt
6ad5f32c-2c32-4945-9744-00229575663a	Doloribus
646d4e8b-a9c3-44f6-bcea-1d4913bb4f5f	Neque
3a425be5-b328-4cb7-876a-3d559230039e	Sunt
55dfba61-008a-4620-9287-7c5f7395829b	Vero
cc301262-b016-48c2-b23e-482fcd6020be	Tenetur
32fc66bd-950f-45b3-89fc-f97ef5aa4530	Omnis
828053d6-ae2c-484c-9260-e39a78bfe56a	Sunt
5e9301cf-77c5-4a1d-8f7f-d18ed6465c42	Quod
4de94785-95b7-4e5e-9107-a95daafa5e3e	Iste
de71440d-4484-4aeb-a6e7-5ad87a2a6d89	Rem
05bc4788-64e1-4ac3-8c6f-5c1439e20246	Explicabo
c8e7a9f1-4692-4e9b-b60f-3da7397f3192	Id
b1337225-d832-44ee-b51f-8dbb234fd0ae	Blanditiis
db7b5c04-3055-427d-9fc5-0f30b045686a	Ut
9fd9d90f-7c37-40f7-bb7d-72acddf5e5c0	Sunt
c79f3f5c-bb9c-478f-842a-e88d6a12f19d	Nesciunt
b0d0e0c7-e3ee-49ed-89a5-1101bfff9326	Dolorem
7d0301c9-de08-45df-8653-f33a3d840d8c	Eos
e6ae732d-3024-4e6a-b892-b8b96daad94c	Omnis
b8cb180b-f637-452e-86b1-2bca04d6d025	Cupiditate
a8bf753f-f091-4b20-8979-28e11e5d621e	Ipsa
79907d97-aef2-4da3-8a5f-fd470d3dd1e4	Voluptas
9992ba1c-aa75-486f-b11b-2ec0334045cf	Dolor
f4e8c885-50b8-44ae-921f-b430216f403d	Minus
0356129b-7ec5-4697-96b2-257dd722e523	Ipsa
1ea2fc8b-7e1a-45d3-9f9b-93f8ffe1726a	Omnis
ce555c07-4255-4e2a-84fc-362c657b2d2f	Dolore
3fac4e1d-a0a8-4659-b604-d25ec8c1a7f2	Molestias
104428ee-8d2e-4d20-a122-93fd6195bb24	Natus
1d720e55-eb90-4b7c-a29d-a2033959a9f1	Ut
b1d4d312-2003-4e01-9031-4cdb667855d9	Minus
e714cd71-24ad-4fec-85ce-43e5ea069a86	Quisquam
533b08b7-2b40-47aa-8abc-6fba34a5cacc	Quisquam
246016e6-3ae7-4482-88d8-6396f8ff9655	Ipsam
139768c4-e237-4959-a793-6bf475ec5872	Velit
61d104fa-6130-48d2-9731-5b4a006fa26c	Incidunt
454f2f7b-0d0a-49f0-a308-f00a56faac4f	Corporis
92e32a6f-07c7-44aa-8573-06b3c3bcdb84	Necessitatibus
f4e26166-35fa-4136-a58d-5e838c0eab8f	Culpa
c7147834-c1af-4224-a118-84f8e2010c05	Quisquam
98daabc5-e871-4d05-94da-1298f5c0927d	Officia
1458ae7b-0a1e-4a11-b24e-0190bd45a254	Deleniti
d5f8706f-e3d9-47cf-895e-9a987e998aef	Quae
9f9fe3b0-00e3-4de1-81a6-7129b6639997	Et
55c026f0-06e0-4686-ac83-640b26bf09e8	Aut
dd0c6c50-463f-4242-9880-439a7f820e31	Nemo
f3083e28-5394-415d-a539-77ec87df228b	Sed
e1464d75-6efc-4e37-8016-f8779b396ea1	Deleniti
238b9baa-e63a-46c1-83b9-a62c24061c9c	Voluptas
396f22a0-264d-4e43-93b4-e26aa2b0e57a	Dolor
d11ff51b-6c16-44f3-8095-fd0cede387ad	Ut
bd5eaee5-42a6-49f8-aa6f-bfda70eebc3f	Autem
2996e711-b9c3-48a4-be3e-9cbe79bcc887	Officia
fcb73619-0e30-4e62-812a-6431b868d1a0	Ea
fc86cd06-2f4c-4099-80b2-1c0b67831308	Quibusdam
acc6a6d7-431d-40f6-a5d4-6732bbdc5cc3	Expedita
9453dc08-260f-4953-ab4f-f1eade6906ac	Voluptas
6abfd496-2636-4bab-a66c-c08f1a3ae2c9	Aliquid
b26ca185-13a9-4b67-b922-56304e3ce6da	Impedit
abd65bd3-b700-4cbc-8dee-8da9b0b77baa	Atque
553b7fc3-9243-4a44-9afb-47c97dc9edd5	Doloremque
b8266965-de5f-43cc-ae11-7ae2963fb30a	Porro
dd31c2b6-2116-41d9-8cd6-54736dc548d7	Magnam
ac63816d-cc86-4049-901d-aa742ba7ea35	Dicta
51d13c63-52dd-4726-9552-61038fe3d0c1	Cupiditate
aac2ff98-fbb2-4c9f-b690-ed11c11ccde3	Recusandae
e05c7571-d28b-4126-b983-fc85dd93bb20	Deleniti
93b79df0-d321-4ebc-a443-58beebb69cac	Dolor
27abfbff-7cc2-4998-9dd9-5264a58b26ec	Eum
63b27175-44a3-4acd-8938-90267fb76a17	Aliquid
168355b7-3a86-4415-9dab-5e8107c235ca	Libero
8c8b8995-7b4c-406d-9410-49be47deabe5	Modi
d7740d51-508e-49b7-b917-b2b3927404ac	Neque
c5b5072d-4038-4b75-85fc-3457cd9a9aa2	Et
f089b500-cafd-41f7-947d-51f7fa76bf2d	Deleniti
54a986d2-c1c1-4a65-a673-ec5c579a79e5	Qui
afc3ca67-9535-41a5-8684-ee0182913325	Cum
83d06e6d-1c64-4ab1-92dc-a1f77282b226	Deserunt
b4e43863-5fdf-42d1-9656-44f9bd1a3383	Ad
41dac26a-7336-422d-bd75-21efbac7500b	Dolor
1e6a2db4-caa3-4d77-bb8e-23e9315bc14a	Provident
3d04774b-b88b-420e-837c-8f2b5716b76f	Quam
acc2d98f-6074-4671-9e73-e43872320dca	Quod
d0e490ce-6504-4f79-8e18-ca7c3e03be03	Blanditiis
339ebb97-ab8b-4180-baf3-36b109b5c3e6	Aut
29ddcae8-6097-468c-9263-636ec2ea5d96	Mollitia
38399ce9-04f2-4a7e-a450-8b2688a31999	Ab
6018da99-718d-4c42-903f-2ff09a649146	Et
bfbbf236-879d-4426-8167-1977ba343e05	Illo
399b1336-934f-4311-94f3-013cb4186ba3	Aut
e03cccce-6835-48f5-9bc5-2f31a1c081e2	Omnis
410fdd6a-18a8-4252-b643-f6c3f6fdd70d	Nam
423cd303-fe8a-4e63-a864-12cff157dbee	Est
1c63da1f-b09c-431e-b058-897ded8be60a	Iste
6f444e77-164f-4cfa-860d-f649d4067f4f	Ut
a8d821b0-c802-4108-a2c2-4d7fff5d4858	Itaque
930decb7-5789-4a49-8a1e-dfe2eaf388db	Repellendus
3881e9fa-ee6e-4498-ae83-7b3df671bf37	Ut
f3acbfb6-09f7-40ec-8f4a-819fef04ff5d	Inventore
2a620580-be1c-42f9-afbc-4ec6e00bee78	In
aaa7fde6-50c6-4506-a8c5-a4fa21348bc6	Qui
b370528a-910b-44aa-84ab-1bea882ab0bf	Sed
1317f396-6ee5-4036-a203-b3fdf16e88f1	Officiis
ea614482-79a3-4f24-9eb8-90ca04eb9ab3	Velit
c7e47e6f-b5d0-4d19-9ad3-b4882b316438	Adipisci
34448c4d-8b37-42e4-93a6-cdccdf143894	Occaecati
edb7835b-371e-4274-be8b-43c5924b03ed	Possimus
15f978a9-5d03-4cba-9fc1-3d5850a97f33	Nostrum
48a1c7fe-8410-4dd7-a057-0768badcfa57	Repudiandae
f5c15ea2-e021-4b2a-873a-a394e25b8667	Cum
02ce2992-e696-4f6c-88ba-bd3308c98667	Necessitatibus
fdef6d4c-b6ec-4e29-993c-e1137d82a09c	Aperiam
70b0b129-9e3f-48dc-acdb-dfd73e7d9eb5	Est
0d1f0edd-2dd9-4673-8a86-2b8952112adf	Nihil
d704448f-b6de-4bec-ab16-08d98d40230a	Quidem
ff14adac-6ccd-4a47-8e09-f44100cb8278	Aliquam
c2cd10dd-528c-4a10-b4ed-f09651cd5fdc	Dolore
9297e91a-f9cb-46f2-8d8b-eb4eae84ab6a	Nesciunt
508cace1-15cd-4a57-b34f-01880b260d60	Molestias
61c159e1-13de-4497-9135-97e161b57fb6	Et
bd2ae5ca-10b3-4127-a8d4-7faa4213b4fd	Enim
228bbf4f-82e8-4352-8e18-f208d5cad15c	Dolore
ec5ab394-2aaa-463e-84f0-c9ef788ea378	Dolorum
dcbf89ea-17b8-4370-bb73-dea468403b89	Id
685849e7-b2f6-4dd7-b81f-72e067d095dc	Animi
1b03cca8-2bc6-420d-8417-26c56fd0e136	Sint
865d6267-eec7-414a-9a3a-c55d2b8f3600	Ut
3767b4e8-49e4-45fe-afcb-65bf7c1cb5a5	Beatae
f0db181e-f4e2-4703-89a5-a333534c7721	Tempore
441d0622-dc86-4320-9b93-d4ff414d3231	Perferendis
c3bdf8b4-744d-4a53-a8ad-b6cfa55c1c4b	Sed
bed885c1-cf78-4469-9c6a-998c7d4b2cd2	Ut
d4b6947d-7c15-40f9-99d7-fa7adad06728	Et
16b8ae1c-e2af-4164-8d9e-fc299e67548b	Voluptatibus
0915dc42-cc23-4063-8d4b-76cfd6cb5f0e	Sit
c58be006-4998-48ef-b7cc-b52d604f5de9	Eum
300d2033-b7b1-4fc9-b0de-ee15b4a26193	Beatae
31d92324-98b1-4699-bf2e-ad9bbe2240c0	Eligendi
98e0209a-5f27-4d64-9cb1-526398e961bc	Facere
64287b07-e83f-4a71-bd0d-5caf007759b1	Minus
7045b7b8-449c-4d21-a538-f5761a1bcfd3	Et
8e739a51-2d8f-4441-8c10-047c97ef1eee	Error
d61f5f71-9941-4c8b-b644-1c83ad5907c0	Quis
2e989de3-ed31-4f2a-98c0-ad9e295578dc	Qui
388d0dd4-9067-476f-96ac-0ad99190d2ad	Eaque
ca2414d2-361d-4085-ac57-28b2538affaa	Omnis
91501ccd-026f-4e83-8967-6f2180f6fadc	Consequuntur
e7c306c2-f95a-4211-bd1e-e4845cf73582	Est
81075624-f24b-48ea-9b40-6feb8b21e584	Maiores
07c553cf-16e0-4a26-bb3e-e1429b0ade55	Est
e64d52f1-60c8-4c03-b3ad-3185e80864de	Impedit
cdd9f55b-dd52-4055-9697-d96721451e2e	Hic
38916b90-c264-40ac-9f09-85efe0480687	Quisquam
839e97c9-dc2d-43ff-9831-dd3511049372	Iste
a686270d-aee3-43bb-9150-6d8cdcb8292f	At
2341c660-c740-4ff1-b849-6f6c269adfac	Adipisci
3db66d43-f4fe-4e68-b9db-b3ad5d661e1c	Voluptatem
87eb774b-78e5-4b56-8780-3b6eefeec4f5	Delectus
2a13efd7-4658-4fd5-9d16-8e0e72cce3a8	Asperiores
3387e628-6ce2-4266-b089-e3a4d761ca3a	Perferendis
0a1ea9ae-10e2-482e-b3a6-29b0b914acbc	Eum
2fe66690-6cd3-4611-bb23-9703d538a769	Deserunt
b73af4ed-f352-4ac4-b1b4-6e09c35e522c	Consequuntur
f9d35627-0889-4592-8a4d-d5e74843b915	Fugiat
65091908-d722-4253-a90e-36a58b308694	Praesentium
acea2628-46c2-4825-9d36-88f650edd8e2	At
8e1d905b-2ec3-4b89-8d3e-2225acf28337	Quod
cb67ef06-2742-4637-affe-9fd53fb5bd71	Dolorum
53d51c5f-e6ba-40fb-a1f4-5ae7ed0a2c83	Quo
aab55ade-5889-43e0-8925-163a9b0d6bb5	Et
50fab2e9-9a15-4bc8-a166-60f4851aa4c8	Sit
24912aff-549d-4ac6-b983-bf62b9101c54	Pariatur
7aeb8f2b-52fe-4e3d-8535-9d74741ae05f	Nisi
8610ad24-36cc-4810-aa65-a90e551f9003	Qui
60f386d6-bd89-4084-8325-f6557f69a62d	Praesentium
c031e64d-bcf0-41a3-b0e8-b99ef6fe769e	Et
5d5470aa-5eb8-43ae-b0fb-8d44690a9d87	Cum
37f7abab-889d-4183-a6c9-e68bca0bb2ca	In
ccceed8a-6c52-4610-a469-bf90e414d85c	Omnis
2be3a594-f7a2-4e04-aa88-21808bc679cc	Et
1022ff95-3a08-4b01-8db1-72f18ad45a10	Velit
f0d34dae-d601-4222-9aa4-eec21319665f	Ab
ef23abac-6bdf-4d8b-b099-12dc7fb364c9	Doloremque
93e74179-a4ba-449f-91d0-468a7b84daa4	Dolore
03450b32-eedc-480c-9b9b-3a8e049cfa41	Dicta
8db2bb36-ac63-4d1e-a51f-8ccba154ae9b	Sit
9b3b05fb-2adf-44a0-a531-67118a3d95eb	Nobis
3b19afec-87f4-45ab-9e71-4cecc1ff2a6e	Optio
85663d7a-75b5-4d9f-8e44-d5ab03f6ea99	A
cacfe1ff-e442-48b3-9f4e-64611899db4a	Eligendi
97f953f5-8560-4585-8d59-8e825c934c12	Iure
034f853c-caa3-4129-96dc-0544c1c61483	Sequi
98275bb7-3cd7-4669-888c-1b178b9a823e	Rem
47b41f2d-3d0d-4e40-ab77-158aeeb4071b	Velit
06c780a1-e6aa-4a99-8dc9-c9bbd1a91252	Soluta
bf2485fa-08cd-4647-baa5-ea367b7a6300	Qui
af92f9c6-4cc3-46c6-a283-ddc26907a68d	Laboriosam
f0a6b812-50e1-4be6-8015-e9cdd578b4ab	Hic
8e8c4f93-40d1-4471-ab2f-914ab3846431	Dolor
878535e7-7676-49bf-bcf4-0532327e0a07	Maiores
e19df949-1a2f-481c-a4bf-a203905ddf3b	Magni
c6bd5d51-cc0f-46f3-8204-5f405685cf92	Enim
0f6d829b-d260-4c24-bfa4-1e5c21f33f7b	Sit
dcf0c87e-c705-4d47-9244-2dca8ffd5e95	Qui
e69455d1-ac19-4c23-ad5f-17bfcdaef5ff	Delectus
15ad17f3-a912-4bef-bd07-9b68ce3128d6	Sed
552de310-4a34-41f0-8436-ae974bc59b0a	Repellat
d8ffa39e-2fdf-4f80-85c7-ffb507e2e55a	Cum
e10c8318-cce0-4974-bff9-01abea2a6440	Possimus
d8e74cd2-cfad-4544-a681-40c289c1f082	Suscipit
3cb0326d-6474-459f-ad95-5557f48fbb8b	Impedit
e8f5ecb5-6ebe-41f9-a005-c017811f2126	Amet
95995c3f-34ea-407a-9e6a-4ee9f2528947	Earum
a4def34c-4446-40a0-844e-9b931a5b5f93	Rem
147ebe0d-a8f8-47da-a217-756029fbb97e	Fugiat
96240592-3b65-4adc-8a8c-8e1692fbbf86	Numquam
0328e694-76ba-4cbb-9a74-f866b04d0fdc	Quis
e0e73e7b-5df4-4211-bd23-874462746d15	Veritatis
ba7e0432-9c4f-4545-be49-9e378a14306a	Perferendis
a0a4520e-367b-4a4d-94fd-8c1a7010326a	Enim
9f0a555c-7c1d-4234-b426-81b06c3756a3	Voluptas
705b97ac-f9ab-4421-9b70-c6a064b5470f	Et
61bc1e8c-4af5-4227-b43d-be855dbd8c24	Voluptate
e0910b3d-b989-487f-b2a8-843ed78f8c8a	Ut
c7903750-61f6-4bf7-8de6-d968f4d76406	Fugit
6a83ea53-9aa9-4eaa-8860-29c8a094d572	Aut
5aad9089-0942-442c-9a73-bd74511b33d0	Totam
66356361-3df4-4db7-9444-dc814fdf7c2d	Neque
74fd7210-3f22-4173-8983-7e1ba030593c	Fugit
80a5b56d-3cfc-45d8-bedb-bf42a05a1fe6	Ex
ad291201-625f-473d-a5c2-708ac1677fea	Et
ef65ba82-d051-423b-adfc-01baec93eec2	Enim
79065196-7a58-4243-b143-1355651c1673	Dolor
0ef020b0-9667-40c4-95cb-5083b5917042	Hic
53444576-8fa4-4239-aeaf-f44ed3b57064	Perferendis
8e91ad38-8281-4ac9-bce0-e57538bb05c1	Ut
22ec394f-17aa-4839-a8de-a1dc88b1db21	Ipsum
86a0aa49-7e03-43f7-a551-714f8651d517	Cum
bdba895c-df1e-43d9-9f99-ed59682cc9e8	Veniam
c1799e01-440b-459c-a49b-7316e63324f4	Saepe
2712459f-89c4-4832-9b4d-8bfb7c68f77f	Quos
330e2ad5-c057-4f19-bf3f-2f4efa96910a	Magni
7020e81d-b209-4450-8e3e-f20e22b73fdd	Aliquid
0ad59ab9-4898-4a48-b603-074e20b41128	Enim
b19f5442-924a-4320-b34a-8bc29320ba53	Quia
09fe20eb-e63d-4db7-91ed-77994b15a457	At
f8b7ca2c-427c-4b2a-bdbd-aa8819710451	Quidem
aa455a64-20d2-424d-b508-2b4ee94fdd20	Totam
b2116299-d5a3-472f-af55-4c313b478d89	Esse
28cc7a29-71bf-4161-8886-b1e7b4f06430	Id
d879eead-6d2b-4986-8687-f861e0487ce1	Non
e08ca4c0-a470-4352-8685-25cd37c56cfc	Earum
b2531e2e-b0bc-4ca1-99bb-5aabffe37dce	Itaque
0553951a-9142-4d82-a439-06ea04c0da45	Quisquam
997b354c-c462-46d0-a850-eb81e8ac68ef	Rerum
cec18435-a62d-46a1-a6de-cfb4f13c4132	Magnam
e3a16ace-da03-4c8d-ab61-9fd7caf62aaa	Adipisci
f48015da-e260-4be1-9165-1a89b57164e8	Cumque
acbc2d30-5b68-493a-97d0-1dd9f4bc689e	Esse
2bb146cf-8466-4b5a-9156-eaa5be951a5a	Debitis
763d6056-dae4-415c-bd88-dfedb775096b	Dolorem
796e5efe-d310-4631-b5a1-6fe484309c40	Ut
7c018157-4e9a-4b96-8f51-d0ff71c4a8c8	Eius
5027cc55-66ec-4363-a2d5-7688590144d1	Aut
cdfdcd96-c004-4396-a8c8-6fb12d993fa5	Ut
39f95566-1dd5-4228-b6af-10d2eb45e107	Accusantium
75e08871-6adb-4df8-bf6d-2e53b19fd3d8	Perspiciatis
46226feb-813f-492e-b74e-f40eaeb0015f	Est
7f3891a8-1f5a-419d-8c93-2ad2e76f1c90	Sit
3f8e20ad-eff8-48eb-b7df-f74c645017be	Facilis
8243a200-03c2-4876-9a33-eb3aad49e0c6	Amet
9c1daa58-245d-4c12-9eb9-d38ce3dc4ffd	Fugit
f60b0199-08c4-435a-b094-259be1590745	Possimus
1cad2d08-e4af-479e-9337-7254f727cb31	Adipisci
9cab55de-3277-4d7c-8151-02ee0d35edae	Sint
30535503-7943-437f-8202-44f3f23f6808	Eveniet
646e0433-2d7f-43c0-8966-c9460adda624	Sunt
40091e86-11ed-4b02-8eb7-04cbf21745e4	Placeat
c4ef4d57-2c71-43dc-abf2-4b9ecffd7491	Ut
3a4f9857-fc66-42e4-ab05-8b5eb1fa8bbe	Molestiae
adf61e15-83d4-4a3e-a570-4cc9450f754c	Sequi
1ad7fe19-d37c-488b-bb50-1b96261eeb81	Consequatur
3260786c-0a8f-4bb3-ad47-8b46fbd1350b	Ut
d1388407-fcf4-47f1-a0ab-12e8d3dc3195	Voluptatem
5ed89116-648f-41f1-aedd-8753fbafa140	Quo
784d7ef3-230c-4531-bc46-3fa74a607a95	Rerum
715943da-02cd-42c0-a582-f75f55362db5	Vel
8d524a10-21de-4941-8cbd-dcc60f24f2e2	Qui
ff7c0324-f9fe-46ba-b490-48851c812e2f	Omnis
cc96b011-062e-419f-b957-fc654c8262c3	Corporis
9915d7ed-48b8-4ec3-91f1-3219d1abdd35	Qui
9fb5dd87-4016-4fbf-a7f3-ba86061ec0d2	Voluptas
e2485779-1a75-45c3-9523-d05924879a6c	Ex
53b33986-cfa0-45eb-a3be-0f45a06bf2f5	Doloremque
ee67c5fe-322b-4173-a65d-7c02c37af197	Qui
dbcc1c98-1e33-483c-a151-dbb956672ca9	Atque
7490f82c-eeb7-4e46-8a81-6e182e108cba	Ut
f091ae73-5872-4467-89c4-395814a8765a	Est
acb0268a-3577-4cd1-9da2-4682ed78f90a	Eum
8b3c35d9-0675-421c-9967-544351e496fc	Cumque
6174b56e-242e-4884-9b11-958d24c0c318	Itaque
261895dd-56e4-482e-a133-82ef326efcd7	Illo
cc4bc07b-15c3-4987-b8e4-e8b2f2fe3398	Quia
58b357ed-d4c3-4d2d-98aa-075fc4720410	Dicta
d5627590-09ff-457e-9429-5b07d727cb3a	Possimus
e33a9b19-af0c-4cfe-b91b-48eb0aa3e5ad	Sed
422ad5b3-4432-40f4-9dc9-8c4e78269bd8	Quam
b7d58f45-8e90-475e-8b98-08630692384f	Eum
bbd59ac1-07b5-4a4d-baf1-b6f707678729	Iste
d2e20efa-4f64-4afb-8a08-a9986cd7a7bc	Omnis
70569b3f-530d-4473-a046-2b75611faaf3	Ab
368ef7ba-2aff-45d5-91fc-7720f9e7c216	Et
803e5d7c-92f6-42a4-b9e1-1a8e04577932	Asperiores
71955b99-9ea6-44ce-ab54-039b81b474a1	Eius
d744fcb0-c5fc-426b-ac1f-1977f5dbe727	Ut
37f7ff21-5edd-4006-93f1-c2468c2bdff8	Dolores
de4b7443-8498-4e85-ab0f-4ce808e1ca2a	Necessitatibus
af44af4a-7621-4b9a-86d3-5cb587f7dad3	Est
185fcc96-ed71-49db-9de5-958779d2ef9b	Tempora
459490ff-9548-4103-84ef-081287bdb3c5	Voluptates
45c70b92-8e56-4a21-a699-40df389bca8a	Consequuntur
142f40de-d834-49e0-b1fa-1b2ee7a4dc73	Molestiae
0d4f6438-b81d-4b24-afe2-d63393b112b1	Quis
362e792a-af0d-4220-9ecc-3b6c0b68f1d1	Doloremque
4120bc2d-f05b-4645-9dd4-b5d3cecee9c1	Similique
5b076d4d-1daa-4280-b4cd-efac2510e4b5	Repellat
8ea5ea8f-3e29-47c7-8730-b8d238f0c66d	Omnis
2ce342ae-b67f-4536-b990-376f679a8a48	Blanditiis
be5bbd6d-b03e-4e49-afd7-13a1f2e991f1	Sit
4061c0ef-1140-4b3b-aee7-4db686f5cd4b	Et
d6845e35-dac7-4323-b701-8613982e5e38	Et
741a91d0-acd5-48c3-bfe9-0aeeeba1ed86	Magni
3d06f059-4be3-4a8a-8d0c-2e09e721fa7b	Sint
6dbaa017-3e87-4789-a98c-071467bcb562	Quo
0d2a9e07-0fe2-4820-af45-32954eed217c	Commodi
caa83369-04e5-4f2a-96a1-1a04563299be	Ratione
360708de-25a1-44cd-97c1-4781a45341e3	Cumque
0b36bdcc-593b-4ef7-9176-2280354cb78d	Natus
4b504139-62e8-4ec2-b836-ff75a6ab28e9	At
688966a9-6061-451e-9e3f-ce8f596e8dda	Dolores
6957e764-7f46-4e38-b918-0af3d6813903	Dolores
36207555-a063-4f91-9319-2870d18fdf05	Magnam
f256988f-36eb-4bb2-a7b7-827553e3f4d4	Sed
e2e3233c-7f9a-4e88-b884-5f8f642b8af2	Quia
b8ccf14c-9401-463d-9951-5dd1a6a40e53	Et
ea852993-d3c4-4588-b3e0-3661543bc3fc	Aut
09a4f459-47d6-4914-86cd-114730b7ea0f	Est
b8539d5a-7b3a-4b3d-af5c-5da7a9856818	Ut
eb57bc1d-767e-4d9e-84d3-e5c9e635b045	Tenetur
809df471-2f5c-4b73-85d4-5289e5b4929a	Nihil
a5938d3d-05b3-459a-81e8-b4b2e303f8f4	Totam
807b23e9-7e73-4f4e-9049-f1cc9e26915e	Exercitationem
fc296b6c-3a35-4b6f-a375-3ee538d4d061	Aut
2a0cdb4f-7d80-43eb-addd-2d969ee87e94	Autem
a0b2691c-37a5-4ce9-8e5d-ad795e0c5de0	Rerum
93bdf66f-0900-4963-9889-d91d3ddb98fd	Veniam
9ad68e87-c046-428f-b19a-6c7ee60c9369	Sit
84b27d4e-b663-4cf7-a9b8-cf1fc899a118	Unde
c9e2ab1d-9bcb-4d9e-8c3b-5a21a39a4eba	Magnam
27832c46-72eb-42be-8a4b-b3b8295569d7	Qui
037ca1e9-b4c5-4b5a-b9e3-3a25cacc5c40	Voluptatem
21da113c-156e-4793-bffe-6d2d11307b47	Et
0ef05171-f515-4a47-85a1-4dd8fba05bc5	Magni
2d7e914f-a2f2-49b5-9de6-1f90e78cff42	Eum
a7dc53e9-50c1-4618-8cbd-cc514b606203	Dignissimos
c4e3041a-5f8b-46a4-80ec-07747734b0c4	Voluptates
923179a1-0a7c-48f7-8e7c-8d5f21dc0a98	Ut
5225ed43-68b2-4cdb-9895-bddea7f79f91	Deleniti
09515d62-2eb6-45eb-be18-0000bbef16e8	Doloremque
fe59d115-857e-42eb-954d-03a3a56167bf	Quis
32ae8a79-d3b6-478b-b3d9-f179de64a9e9	Et
a03a58d9-0650-4366-951e-7b11252473e6	Dicta
311eaa2a-9cbf-4a17-836e-a0a8144f6db3	Omnis
b42165a1-f288-450e-862c-07c344ce96c2	Et
d721c523-b275-4fde-b5db-d31cc78149e8	Possimus
cbe20050-bbda-447c-97bf-d64dc4bcb92d	Et
5c20b011-b570-462d-9b2a-12c854433ddd	Doloremque
74139a36-d429-420c-ace3-acadef5c553f	Assumenda
491b697f-da97-4873-b0d9-254a3670be95	Iure
09068e6a-84b7-4af4-8b08-325ae8f134df	Inventore
f92a8ce7-c71e-4458-8cc2-48c51da44500	Vel
f493be12-e1c4-4cb9-b2ad-9a186fb27476	Quasi
4b5c4fec-f999-4e06-8b97-422454240bb4	Quisquam
cdcaf58b-23e9-4914-afb2-4cfbb366e0a5	Placeat
62f93fc4-fc40-43d9-b963-0c4352bcc506	Quaerat
c71964bf-37ef-43d1-a6f1-1163932cda90	Perspiciatis
7dec1c82-e803-45a5-8348-6c36eab085ce	Eligendi
00fd8602-40ca-43a1-b1e4-8b4db0ca5368	Quidem
fd58e872-ffc2-41dc-8e52-0506076e9b8c	Perferendis
9f3b2184-294a-4cc7-bd0c-ab5600c4d46d	Et
66d909d9-bdb3-463c-8e03-a3cf0450301c	Omnis
3ed27e37-3747-4f31-af44-0c64560bb2dd	Possimus
479c2048-e1f4-493e-957a-226490cce36d	Facere
221144ab-2ee1-46c0-ad65-945922e2e16c	Molestias
f4ae893b-c476-4cda-a5b1-5567a3e4fe82	Molestias
6fdd4c75-3648-4ccb-8be3-620e59b01c06	Sit
dcf25361-cc55-4f7f-9302-1767d0cd9034	Eum
0bdf474d-b9a2-4ad5-8a5e-01dd9b1a9d86	Eveniet
ea7f1f09-4921-418a-b86b-dfd4451998ac	Est
2f1ea484-6887-47fd-83d0-c20724fc557b	Voluptas
1777fb79-fc43-4cf3-bba7-c96a02c87f3c	Praesentium
19c89ae3-375e-4e30-b4b8-4cfbe2ca21e7	Earum
9c34e717-88f0-4eb6-84de-1ab00514dafd	Dignissimos
c96dca90-f45b-424c-a5d3-88081833096a	Inventore
947f8ad2-46a5-4f54-8946-1122e327290d	Voluptatem
1369e387-b8a1-4459-a015-4a7840649b5f	Tempora
2f8f9828-cc31-48e4-9902-bcfc6def31ac	Quos
2632facc-f5aa-4efc-92f8-1867ca5bf452	Quibusdam
3bf52402-6efa-453b-8668-d71ec163d9cc	Est
c4e99e03-7aec-4a07-bd55-125a234adbdd	Quia
9e71dd41-1072-48d9-b5ea-d91d884c13e5	Minima
14a9ef39-24bd-45ee-a01f-f709561407a0	Ipsa
e08c1c72-378b-4085-9493-d62765a965b9	Voluptas
2d87b4d7-7f55-4d66-90c3-25ec2f518bcb	Eum
dda0f85d-6872-4cf0-875c-3849fe6d2d94	Alias
c397a293-73a0-4502-b20f-17edb60e7107	Nam
84ccad88-bf03-4bf0-970f-6c29fb4fa3c9	Quia
9f42aec7-cf18-4890-b2fe-32461f8d6280	Sit
fdce4ffc-63ee-4a3b-9340-20f57ee26de4	Placeat
889cd4b6-ba7c-4bfa-a25f-d36aec1bc8a4	Consequatur
f48b6b27-b371-4ba5-bda0-53134c8c1c20	Consequatur
6680332b-6770-47e3-869f-89513d47fb9a	Qui
994af4d9-cfa1-47b1-96d2-5c57532b41cc	Velit
56713437-e607-4db4-aa89-f5634c642ea9	Sapiente
1e1fc3a8-8252-4d91-ad23-93209a36f869	Nihil
6c1120f8-af01-47aa-b3b9-a922ab22b9f9	Quis
406c1024-922a-4df2-9b6f-93d968ee7135	Quisquam
20773be8-f370-44a9-9e03-def71002bd8f	Culpa
3084f7bf-6566-4da0-af6a-f67f9a5e9523	Nisi
902a8ea7-4a0e-4141-b36b-024cb17fed90	Qui
70450933-746a-404c-ba2a-3c288d3107c6	Autem
d8fa6f07-788a-403a-9378-8af50c83e0d8	Alias
ca381dc4-b011-4609-af48-7bef64a21261	Fugit
7d1a7ce6-aefb-4755-9af4-ade09cf49d0c	Consectetur
622928e5-b811-4b93-a832-17422025b45a	Iusto
95cf8feb-06b6-47bb-9c70-6b04bc688e28	Laborum
4efaa981-1be6-4cb9-8275-7ead785018ea	Ratione
fa219cc3-3210-4740-8951-8f7110580f83	Cupiditate
e0e9e042-a81e-4020-a9f7-b679a7648ae8	Est
e483e60a-56c4-4829-a4d4-0f0eae25169b	Sit
ea4c1aa1-10f2-4675-8a68-f76a031eff6d	Dicta
aece1600-e21a-44c5-afd5-7ea07e2d5499	Aperiam
7f1b4862-eb56-4062-b3de-bd9a427c32d5	Fuga
9585d485-1503-42a6-ba69-522e4fed0c61	Minima
1976c655-6d1f-483b-8761-2accb3e485e3	Ea
b561217c-778c-4c74-8372-0b218e35c2da	Unde
f926b85c-260e-4a47-9df1-714f78a062d3	Reprehenderit
f05ce819-d55a-4dd4-8b15-f68c2122d04c	Consectetur
2c365bbb-7155-45f9-a400-bfaa1afb0051	Qui
b402d46a-8dae-41e1-bc43-ade58e393206	Aut
f82d10f5-34fd-4668-a0aa-b5196da4a81d	Dicta
fbf4921e-9999-46ce-ab60-a953fb3109be	Sunt
1212f802-4ef0-4576-b3a2-20ab664ba7b3	Dolorem
7d5758fa-f72c-4238-ba88-796716d63c62	Saepe
b8f25a82-d627-42ea-a410-6a80e11ab41f	Ea
78957c71-3147-48f3-b7f8-43543b9c1177	Consequatur
ce6d998d-bb7f-4aed-b4e6-459c493db048	Voluptate
37289e61-df89-40c4-bae3-d814517837f8	Rerum
3fe99714-8334-4281-8470-e2dae0cdb473	Eveniet
ba3e92f7-35b5-4290-96fe-9b2a6dba684c	Debitis
4dfe3538-92e1-4d00-a1a9-18101037c75a	Quis
4cb5f90b-3b0e-4d55-8c7e-42f190d46464	Sit
04ce79c1-c90f-4643-81a7-222486850208	Totam
eb73eec8-2ed6-4417-8540-e6511b53b8cf	Soluta
c0383c40-5125-4131-8f40-b1690eca9b26	Itaque
16f58969-e449-4254-bab6-3b2115921f05	Nesciunt
100e9618-c2ff-4b48-ba9d-5760ded91858	Et
9aac9216-6de4-40c7-946d-08503a54770e	Iure
9e4e5a2a-c0e1-4039-b462-a90860f82040	Eum
cbd1c94f-685a-417a-b9c5-0677a086a667	Aut
2fcf1319-0ecf-442b-9047-fc1f8ef71a1b	Perferendis
f5a5c9fa-fc1f-45ee-9059-93ac7cf53b3f	Consequatur
c39e9f83-8676-4ae3-8e20-0bd9111a03f4	Fugit
167977a8-15d7-4eed-af1f-a1766dab0535	Consequatur
00ff9416-ce4b-4248-930a-a0f608241dc9	Asperiores
17179a2b-6211-4fc4-ac14-2ebd8fd7dcea	Voluptatum
bcad66f5-82ba-4623-abf7-03f9d12a1886	Molestias
1474f137-ce39-47f3-82fe-e660136f0160	Nihil
c9d4a57f-5cba-4fe7-b305-2a518b47dfeb	Consectetur
41f8b7c2-f5a2-41c4-920b-ca7521633fe2	Facere
5fd37708-8362-4462-8fde-b19ea9c3d4fd	Minima
25426543-7f3e-42e6-aaee-2fa60701dd1c	Incidunt
e25301f5-c5d2-4cd1-a252-baa4e038adb1	Qui
37ef92d5-823d-455a-8966-24fd8cc284af	Vitae
07a9b341-53f8-40e2-bcd7-ee9e4fc0e768	Accusamus
b6b8f530-ee54-45a5-9984-76b88634946b	In
0ddbb868-6ce1-4d8d-969a-14df385dac35	Dolorem
5edff841-f557-459d-8cca-aa7903935786	Pariatur
d44d3322-78a3-4412-a359-38fbbb22384d	Voluptatem
efdc687a-584a-42aa-a596-e9e69589fb7e	Iure
665d08c0-616d-4408-b553-86573371ed5b	Provident
45ecce45-bbba-4124-b405-cb7425619db4	Sint
ef1d120b-c822-4c75-8f8a-e40d2a02e30d	Et
5888a9a9-d680-4d32-9296-1f07e12bef78	Eius
1e281a5b-5bee-40a0-b63a-3fec497c49b1	Voluptatibus
d3a9a815-3da8-47e1-b574-2d8f38e58c47	Rem
bf25fae6-a21b-4ba9-9112-47f8b2668f60	Repellat
6fc4473f-87eb-46d4-9083-effc995fdffd	Magnam
9f843564-f849-4a50-b161-06d0c8a91729	Qui
048b1c9f-9c39-4995-af56-4ec0251b02b5	Tempore
bf924465-064b-4ad7-b482-03e0daff3a10	Beatae
6ab32fe7-c35b-4084-9a24-5a0ccca120e2	Est
31c8f1b9-190d-4775-80b5-1db5c330e887	Odit
0df734f8-3ff0-4ad9-bb88-ab4898c4f536	Cumque
93e9ae66-7b9f-43e2-8774-b623116b6489	Et
fdaf1867-2430-4eeb-b2aa-ab41a1b48aa8	Quo
2836ab38-1bcc-403b-91af-5fddcf6802a5	Quasi
b958f151-c8ba-4139-b5f5-35fa80248819	Quia
52e5d772-3150-4111-8358-8ea4d49a3da0	Ratione
1110b8cf-667f-4491-a370-5276003a4ab4	Repellendus
3d8c9ee4-b97a-4c35-92b0-2b0b36bb9047	Doloribus
a9647144-2029-4e3f-a1d5-ef1f4ede3d68	Et
11483ea4-bf9e-4efa-9e9a-e7c6b8103611	Voluptatem
7facf69d-72db-4b09-8b66-056f994d8fcb	Reprehenderit
49ab2035-b3cd-4b8e-a766-eef0ae05ea07	Voluptate
af2ecdf4-a045-4ab3-bbd2-7a041e12bcbe	Pariatur
7c3cd366-74d2-4640-8f12-25a4865e03ff	Suscipit
273a65fc-c38d-408b-ab87-e6574b758117	Rerum
af088845-96e3-41f2-8cc5-8bbf229c66b1	Voluptatem
671a8d0f-6ffa-4c00-a017-32151d5630e0	Quae
c7dbba05-5d43-4b66-bbcb-2323531e1787	Explicabo
a7b79c64-3d05-4adf-881f-42e92a5bf3e3	Voluptatem
0a41585e-132d-4f08-8067-4b03681915ac	Atque
9bd130dc-7aa2-45c4-91c6-bba0f3a4db34	Possimus
7402e24e-73b9-464d-b70e-e4f929b7ff3d	Vero
29cea8a2-17dd-4585-a008-b956a855c12f	Laboriosam
e17d7dee-d082-4d02-ae71-0cbe4a9a40b5	Aut
0430e16b-6754-4a8f-8c46-4b6f6bc93ac0	A
510d04ae-49c8-4f36-8bd5-98eb51ac22bc	Ipsa
5b10e0e4-47aa-4b3e-ad6f-0bc247111bbe	Et
080f9ace-bf48-47c9-a539-b67ed9ffc35c	Dignissimos
50c75c50-527e-42d7-8fc9-fede7ecfc37d	Ab
5beb37ba-60d7-475d-a95f-a1e68ca3a980	Quae
c72fac51-720b-459e-b8df-be8add7b1400	Quas
71f9cde9-cbb9-4924-8aa0-d2e6457e034d	Iste
969bfddc-666d-4704-b87e-053ffd6d5de6	Fuga
1d6f4e63-96f1-42b9-984e-2950ed09768c	Molestiae
b2984f5b-4f7a-4b7e-92b8-be037b779811	Et
9eae34b9-599a-4a38-a5eb-9137540251d7	Voluptates
fd62cba6-2e6b-4018-9109-30fe3c69aaf6	Sunt
a7ab2d24-6c87-4d51-89a7-c92a0e6c0d25	Magni
109c2680-3201-468d-bb0c-0af6055dcf2b	Blanditiis
86289402-c5d2-42c5-834c-3b99963633ff	Ullam
b333fbe0-963c-4000-bfd2-3c35404b482a	Dignissimos
03658ea5-90b3-4e10-8853-8d7aea1f916c	Totam
2d8b1f00-1248-45b1-91eb-d0dc9134ecc4	Sit
ba8bd44a-92f0-4ced-bb92-01d13b95e537	Ullam
fad0eb23-af09-4fd8-b1ee-bdf26d86afaa	Et
ffa83b0b-2754-493e-91ec-a04fb552894a	Qui
2c5f9248-f089-429b-9520-b611e4b02354	Sequi
a5aaf1b9-2d06-4d15-bdb1-417aeaca70aa	Nisi
e081763d-6ea4-4b4a-b832-dd0b5a1e65ec	Quas
6eaffe24-1958-4114-9a2f-0666fec27723	Asperiores
20a1b68d-8bfe-43b7-b6fd-dedd95e72c70	Id
6c144b47-a047-43e1-8700-d65e4f87cb5d	Non
8dde0ed7-e2e6-489e-b789-6db89d4694cb	Et
facef8de-a20f-42af-a755-9edaabf8973a	Voluptatem
3e12deb8-c016-42ba-9d4e-29a70733d3cd	Quia
b5027447-df8d-4b4a-9f33-0a524a6cdf5d	Dolor
b628fe2f-25e0-470b-a019-1bd4f96e8d72	Voluptatum
7dca7280-6067-461a-9447-1bd3cb51cda1	Dolorem
2824fec1-0e2c-464e-9192-6a058a540bea	Accusantium
e6de9bac-f284-408a-9818-c5863d695101	Nobis
f3368f01-a848-49b4-8077-52341858ce39	Nam
cafcdbfe-c41d-499b-a0b4-b9543084a58a	Blanditiis
728a08af-fc9b-4365-bab9-37af61e901fe	Aperiam
93d3ee92-d5b5-46e3-ad37-c59c3e5b4a00	Dolorum
7b41f95c-6f31-45b5-9223-15907a1d8e5d	Dolorem
5e99b253-5f41-4be1-aba9-6e102afc6fd2	Qui
3ff34f89-fb63-49d1-bf50-dde93683ebf5	Veritatis
df83d447-3965-491e-919c-89c80a835f73	Officiis
22081b5d-aec9-4ae4-be80-d2a9d121d51c	Est
5363b490-a7a5-44b2-8bf0-e993ac9da45f	Et
c5814dd1-f1a3-441c-be41-467ce56e3189	Similique
81e86e3d-91c3-4b34-90bf-29a1153b9a76	Ipsam
daf68a85-c9ca-44ea-938c-3103b6456648	Consectetur
acc4f680-d644-46a3-8497-4ccbb2d6b4bc	Est
94241431-a7da-4a6a-8fab-7daf12517bd2	Sit
6b0bde8e-d02e-4668-a649-110f23cb6533	Ipsam
ca63352c-d143-4058-8afc-6a7e73787527	Recusandae
ff727c1c-c7c9-4716-8a14-a5391e1eafcc	Suscipit
c5bd102e-e759-4005-8d0a-b9978e92c8d7	Explicabo
66cfbf30-fec5-48c3-8d09-c3e564a661f6	Vel
aca72b6e-be95-43af-9318-d9e5703a8197	Quas
45f189aa-ea6d-4d7b-a2a5-d874956d4be9	Eaque
d7130695-b655-40d2-82f2-afaedd0bc445	Quis
d3d84551-cd51-4b2e-aeea-9ede4c2de554	Velit
d4e15d51-153d-49f9-90ac-350a11acacb5	Earum
53c73639-a237-4812-925e-c5583351046c	Modi
455474a5-8c83-4aad-b550-028a5ddd1f99	Vel
b91d319a-fc8e-4da4-b83f-6f8370b43af2	Voluptatem
bca901cf-e88e-4cfd-b499-b79e81000e65	Voluptate
3d60d174-d74c-4517-adfb-92bef6be6d7c	Nam
a0910446-a689-450b-9fba-35f29a4781ba	Necessitatibus
e2ad0498-a3d9-4e14-84af-8ea7a58589a3	Reprehenderit
ef155bdc-2778-494a-93ed-38767163cc70	Unde
21163288-4bc7-453a-9b55-1a82393d0ac1	Voluptatibus
4399b5c5-e7f9-4b2b-8f99-4dbbed3a19ef	Sed
8f30d774-3f24-4727-b57f-9d04c722e2ca	Exercitationem
c172e0ef-580d-4f43-a2f0-f9b4927be550	Officiis
88b18560-164a-485d-9a2a-fbc2d93a7021	Deleniti
49526228-3244-4e4a-911e-f1d2a3fec16a	Dignissimos
b43f2227-3257-4f23-b85c-b57a8c065f7d	Et
46a72380-7751-455f-8db2-8999cd26be77	Et
c7f30820-7a00-4850-b1e8-10e26fab8b2d	Dolores
7b8dc552-21de-4f02-8630-49cc4e33f5a5	Quidem
ef722f95-3dbe-4fda-b426-691a1d1ac87c	Voluptatem
0c1355da-da03-4ecc-ae6f-43fa0a0668d2	Ullam
834b67e6-b9eb-4c6f-a4c3-f4432c4f8528	Ut
b146d139-c4b6-44b4-b109-b779d961901a	Veniam
4fe7801d-517a-4c8b-8272-a53e2a5237dd	Facilis
bc20b20f-1d48-4d56-b615-05bc45d76fbf	Commodi
628c0d91-13fa-42cd-b6be-0f7158137193	Veniam
0c289a65-0c3a-4d49-b970-f89f6f1bd97a	Aut
8e055335-8df2-4534-b5e5-b277fffb40fc	Debitis
79cd81fb-4b80-4938-a204-268a341679b4	Occaecati
250885c3-f735-4117-9f55-0a58b21549d2	Consequuntur
6de9dd1a-4f4f-406d-9ea1-e23d16bb936c	Excepturi
0b07e720-f562-41f9-bd93-e3a621fbeae6	Est
ec9d1409-2308-4972-9ef9-4d81df144eba	Laborum
94adc5af-f3e8-41b8-8357-f7e0c1c0a0db	Voluptatem
1c25727e-ef87-480d-bcff-05541a0692a1	Eveniet
446f934c-3ae4-4572-ae5c-6a26c41f0d45	Illo
b0882774-493d-442f-ab56-e2a89605b6ad	Non
948138e7-4a0d-48e1-a8cc-c3daa2a47d03	Quas
b78894f2-94fc-4766-85cd-ecd95a97828a	Dolorem
f21be9e8-006b-4697-9a3c-2c48b9a38660	Consectetur
e980504a-1461-435b-9d1d-c9a6ece7d441	Fugiat
33f442ca-fa61-44ee-9eec-37e884ff4613	Ipsum
201a2a57-90df-4027-8aa2-915695d1e2d4	Assumenda
11f83d15-bcec-407f-ace7-6c3138e89d20	Harum
b2545ade-3c2e-4543-8070-140b318fe8fb	Neque
e9b3c2ef-4b53-4908-ba6e-29035db2f3af	Voluptates
bdcdb8a7-ef11-4c95-aa8b-60fcaa3d52c4	Cumque
b021a39b-7884-4e49-822e-73847705c057	Velit
633937eb-0d01-440a-8633-acc197228fc8	Sed
dc6ee5d5-b3f5-46ed-ac1a-1045426b9c29	Error
56924f11-2672-451c-ad83-5d55bdb0353d	Perferendis
c4b16c18-3cf6-4202-918b-d65d882aa664	Et
0cb25791-3ddd-4202-93fa-4504f67c52f2	Et
84a16dd3-c513-45f3-8d96-684644ec1c22	Necessitatibus
60c934bb-70bc-4b6e-ab46-b527a332336d	Molestiae
f968b02b-905f-4b99-8699-735c55f23751	Dignissimos
51fba542-e5f8-4a34-8c38-3539a6ff877c	Dolor
33991811-7e39-41e5-b6e8-59f935684951	At
3c6aeeaa-0054-4e79-b2e3-44680cd3bb40	Quam
38e819b3-d29f-4198-b491-a46a5278ea01	Omnis
1d887ed0-7dac-43b9-ab5f-c6bdc145ffee	Explicabo
3d5072f4-795e-4838-952a-e94390107bf8	Inventore
873ba3d5-dc0b-4769-b300-dcdf047d0629	Illum
849c5a71-2584-4fa5-97ce-993bbfcc6a99	Qui
426e8d40-f4cb-4ead-8361-523e356efa3a	Culpa
2e3706a8-f04b-4397-9d36-a90bc5a01007	Omnis
c6cd8482-025b-4e3c-ae0b-a2bc2c7324a2	Vel
f4f85401-a331-4bc5-81e7-5e27d2a0f9ef	Totam
17df5edb-6409-4b45-ad36-75e3b1c59e29	Unde
46cedac3-ac2b-4bb4-81fd-283e93744ee3	Reiciendis
e35c42db-856e-44a1-9fa6-d841ff189f79	Id
27b2be62-b345-44af-8315-130d41d493a2	Non
04461160-35ca-4c1d-92fc-69f86605078b	Et
b0517b8a-9bac-427a-b904-cdd54ebedc9f	Tempora
17a9ae26-675d-497a-b05e-b3bad0febfe5	Dolorem
aa974461-fef0-4c10-8692-34f2e1b994c6	Officia
102b3b16-bb89-4066-acee-6095ecace735	Iste
4ee36be5-6003-4d2e-be1a-8f53eb562cbe	Dolor
d20a556a-e800-49f2-8e7a-cef8c23339d6	Consequatur
366c561c-8326-44e5-815a-1fb23d82a49b	Ipsam
5d4be55d-d7e8-49fa-a2c1-8d584f4b479f	Et
d06a87df-95f3-4354-a18e-8977ffc05e72	Vero
530d4a21-2211-40bd-9425-8e7d1ab201af	Qui
9a533689-541b-4003-a08f-2c16586f6496	Quod
2d2f370c-63de-4bd7-b1be-9b8038ed8cc5	Iste
ef4b4f9a-8de3-4e65-bddb-c1f23c45c318	Quia
50a0540d-973f-4324-bf63-778d7053bedb	Delectus
946b3bbd-f712-4a70-b4c7-5f29e79fafa9	Dolores
107d64cf-47e6-449e-874a-47093321528f	Quisquam
8b8afaf2-92b7-49b5-8e74-3c00b5198293	Odio
c35db791-1a92-4d25-9a91-42edf973587d	Qui
80b7b8db-2f72-4cec-a6f1-af9e23a5f636	Quia
2733b27c-a2db-464b-9109-ed6b6a3d4158	Numquam
3a82044b-a405-4f06-b196-873dcf5e2b0a	Porro
20f0896a-0d8a-4bf6-8da8-703718360c8f	Facilis
bbf80272-1d88-40f7-bb40-5fc29fde643d	Quasi
c8552717-7251-4b14-a5b0-1cf705e47ee2	Molestias
f41bde0b-d5ec-43ce-87e2-bffc588678b7	Vitae
9fcac4ca-58f8-4c42-8aa7-c9e33da21f75	Sed
bb5e2550-9825-45ce-8301-01e6f08d0d41	Enim
aac5772f-014f-45b1-b8bc-fe4dde7e09a1	Tempore
86a44662-788c-4cb0-ba2c-b67a618ed2b1	Voluptas
f86a60e1-c45a-4f19-9a52-1aa087550f4f	Aliquam
12c7eb37-aa9a-4e1d-92fe-f2d15936f5a3	Tempora
4d85a9ad-3f9d-4305-8d8c-56f82df6bbcc	Dolorum
9f119f15-e548-4495-9762-774f32ebdb71	Quaerat
914bf3f0-a10c-4452-b09f-755137c8d975	Ea
ca0f6096-9470-40e0-a8ae-688ebddf983a	Nihil
13d7d5ea-fb32-4605-9163-f4a67264abaf	Natus
296aa2d3-33a5-4f83-8e23-dab91bbb2ffe	Ea
7fe6741f-6197-4fc7-a407-c6e946dcfcda	Recusandae
a03828d3-eca0-4ba6-a1fe-911b6753b427	Est
02e9e7da-61b2-4daf-ae4c-445810762034	Magni
2c82ae0a-4370-4d31-ae11-05100e12379f	Praesentium
457eefeb-a7a7-46e4-aaaa-79fe2a0c5b69	Voluptate
9522bf94-ee0e-4bc9-aa04-dbd86a20d2d1	Quia
d84aacef-90a5-4497-b42c-bdeb8f60258d	Neque
f68bb495-811c-458c-94c6-bf303b0f61b7	Corporis
27a62002-44d6-4c29-b227-c7f6b6c90c21	Dicta
a8177d31-6185-4c19-b9ba-2ae27b1e5c5c	Laborum
80d3ec0c-6a8d-432e-944d-e8891af3cd8e	Quae
05985acd-1fd1-4161-9aac-4e46964098c8	Accusamus
b94de50a-1ab5-412b-9cc0-ccc4c8457cd1	Dolor
9aeea1c8-1ff5-4110-9180-aef0477fea99	Deserunt
a02138d9-086a-4a2c-a95c-42e84e6da4e9	Dolorem
1504fa59-be1a-4138-bae7-9febdb43338a	Tenetur
53553da1-26e6-4749-8ea7-1845acc09dc5	Repudiandae
b73a7c1b-4b2d-4c0a-bd54-06b76ff131a1	Molestias
d350dfcd-6503-4211-8235-50a4a3b0e419	Nisi
373bcfce-5669-454d-8567-20f938354e0e	Aperiam
0b5b59e0-b782-4d68-af0d-c13f8e4b3206	Sapiente
53f9fbf7-18e6-4303-a7a9-6e52e16d8a1f	Beatae
32c6b4f9-7fcd-4895-b268-01d5f4c7758a	Eos
22defe3f-0d01-444a-a2bd-c2cdd36bd5ff	Voluptatem
206d22d8-e996-4db9-82ca-7f6df45855cb	Occaecati
a22b394b-0e5e-496c-a4da-55776f7cf3b2	Quaerat
60d05009-ec5f-49e3-be07-672480eee528	Vitae
df9366f4-b0aa-456c-af19-450844527db2	Maiores
f8411fa1-87bc-4beb-b14d-c6a15f7b81ce	Iste
619fb0fe-790f-4d56-aa49-874cb971991e	Officia
58906ce5-6ac9-4ef2-bc21-72d115924dbe	Sequi
64c389ce-f408-4a32-b7c4-df9999c35cf3	Dolorem
d9c2577c-d0e3-49d0-8e1c-b39d5bcdf948	Et
49a15a10-7cc8-4bbc-bf6b-28de2dfa5dc3	Ut
7d779514-5548-40ce-885f-94bada89e661	Hic
1dd33d4c-c4c6-4510-89bd-c7e9192a1a86	Dolorem
7a8051cf-9d1c-46bf-aa47-c91135a537f9	Ad
872508b4-b680-4e91-820e-5ba758287612	Quo
f86939ae-fedf-4525-bb24-9c9b6ff370f7	Ab
209b787d-b1c1-4ffd-89c8-6b3ad771704e	Quaerat
bac4a897-6dbb-47fd-afab-e6fdcf02ab28	Quaerat
58908ab8-d0c2-4e80-a7cf-674450c76666	Id
74c53bd1-1802-41cf-af2f-159ec945e249	Provident
c3e1ae98-b79f-4772-92f8-72504e2b166f	Natus
e49234d9-38b9-4d24-9078-71b56ffce6a3	Numquam
9161e469-d8da-40d4-9408-abf83526f6dc	Fuga
e280b266-dd7b-4bb7-a74b-2bbe8fb19dd0	Aspernatur
15fec536-cc06-46df-8cfd-57dbd55d8e70	Autem
b4a08d23-eeac-4aca-9c45-78d55595aa4b	Necessitatibus
388456bc-036b-4468-9cac-30ebe67529f9	Qui
e55925eb-22a5-4213-8627-fc730e1e0e3c	Et
bb890f2d-f21b-46a7-b7ef-95120d38fe1f	Quibusdam
e2a16358-0758-476a-a896-93eaf8d4a386	Quod
3cc441d9-fded-4cf6-89f9-1bc76748ba0a	Voluptatem
007a4c26-9fdf-4374-907c-4eeec748dabe	Animi
a13e6626-5dc4-41a0-9c4b-8412b7ccb4ec	Asperiores
34077e6f-e452-4bf3-ae73-8206837e7fed	Dolorum
a4e882bf-9e6a-4752-bf1a-1c7af7fbc276	Ut
9b692410-f3d1-4892-a0ea-af5f5e7cd299	Eos
b5fd74b2-8b12-453a-9be6-54c31cbcaca2	Neque
5001cf3b-77da-487f-a382-0c8651248159	Veniam
c520b4af-b986-4e62-820c-898c502225c5	Qui
816f4bc3-a408-412b-9f33-2780cbeed41d	Ut
8f423420-0864-4116-8f84-e6e54f2a2199	Quaerat
1847578e-6c16-4ab0-838f-31a9f5d7a384	Molestiae
537a43a5-bdca-45bd-a911-ee3d88a6df99	Deleniti
3d8eef2e-7037-4bbb-8acb-8ff9ab18c04c	Mollitia
28a6e8fe-ab87-4d77-bd41-83c8126f1749	Numquam
65b832b7-80f0-4949-9943-b35343ad95eb	Totam
4148c97e-4777-4e74-a1bd-c2c5a90feb6d	Necessitatibus
aa1ca3cb-7829-431a-9a89-6a65dd87cae2	Voluptate
596df142-e3a0-4394-aa6f-3a5853957b6a	Aliquid
49da6a47-ae74-49b5-b88e-8cdd5f4bc321	Molestias
4b4242b8-b8cc-4643-9d2d-e24218fed70c	Accusamus
3f1f9280-e204-4a34-9ca7-2abda4ea430a	Nemo
690a0a89-c97f-45fa-8d9d-fcfea8ecff0e	Explicabo
b0e2c8b0-cc96-4496-914f-e11430081987	Provident
688d7ac6-4d2b-46e0-a2fa-fadc178044d4	Explicabo
9eb1c22e-7406-4718-9b96-b89fb2bff655	Blanditiis
64a46ca2-08e5-4fd3-8d3e-4f814c480f1c	Quos
2029e992-bbc2-4238-8b79-35a4321748d8	Quo
632ddcfe-018f-478a-8987-3c6438319de8	Quae
e91c6616-d048-437c-9430-074037b3bb7d	Consectetur
ffcef312-89fe-42ac-a084-4de46a7b3bc4	Ipsum
f2f8bcd1-569c-4dde-a905-c0450248e8a5	Eum
a4200a83-75be-4c57-9560-3cc3c4b1b045	Eius
00090a6e-f722-4a85-8cef-2476425ee42a	Dolores
5e4a7d8a-75f7-4c23-b6dc-b5a282eaa684	Incidunt
7aa29a45-7c73-4463-8081-dfc2d74c5092	Eum
d6e04aad-5f05-435e-9479-98dd703afaf0	Ipsum
e80922d9-9f1f-4a1a-8c3f-b8436949c6fd	Quis
e2b99ff0-32d1-4a6a-9387-e296e29e856b	Odio
782f4513-459e-4a57-937e-c6d24ec8b7dd	Enim
061ffd53-e142-441a-99f5-15a2a016fbb3	Labore
4ddb3f65-6a90-4efc-8ce1-2ac11e0dafa3	Sint
27c99179-0244-4cbb-b266-20f86cae7285	Natus
69f63b30-c194-4be9-b86f-b834277e549e	Facilis
2325a9bf-dcd5-43f4-99ca-38d778f7419a	A
6f42c403-9457-46ea-a6cb-b934a006b6da	Distinctio
d19339e5-4b08-4b93-b6de-34435e274fcc	Ducimus
975e1df1-668b-4d13-9cdf-c3ae3aaec770	Dolor
1bd5528d-4900-4370-913b-49d14d1f904b	Incidunt
16bfd5f0-46bb-489c-9262-5f5e849030d3	Ad
902048e1-cdfa-46c5-89a0-f13476a1dd29	Eligendi
d77cdbea-7106-4416-861e-9d8415a6495e	Reiciendis
a140634a-4b9e-4fa8-96f1-681b4482b8a8	Incidunt
b940c539-565a-473d-b45e-e23dbbf8b596	Unde
54b9b467-75d4-41d7-80e6-5535d274cbdf	Beatae
503189eb-322e-4f0d-9844-aa2bce4e1cda	Sit
b0b8504b-3549-43c5-acdf-c5ac77e2737c	Iure
8c6fd917-f988-4927-8930-8673a0a32144	Ipsam
2072a694-b97b-4f3b-9c8e-d3b14e4719d3	Eveniet
8c880aaf-159f-4e9d-b29a-c49d49db7065	Velit
5d4bae0d-5e21-46b1-b5bc-6a3b1647ba1d	Illo
bc08589f-9c75-4b7c-97c3-88b38df958bd	Dolorem
85473119-c878-4af0-9c69-b92300b5c652	Aspernatur
b196fb15-bc7b-4a09-9977-c47e35087c34	Aut
f467b3f4-5152-4669-a196-d2489d8a6d2d	Quo
3d3f71d7-8522-4753-a978-cfbecf7d017b	Ab
68df8a5e-4833-4032-bd3e-b861ea2cdba7	Molestias
9dc2fbaf-3e92-4061-9887-30ed47ab023b	Commodi
45b0b2a1-fb66-4c0d-aad2-546cf1b7de6b	Eveniet
3624c8f1-1baf-4d3d-8e17-b110dff9bc1c	Quae
a2de08a8-5210-45fc-b6c4-efc8a6712922	Et
841e0745-ec91-4470-938c-1787cc3dec23	Est
442bc531-0c94-4878-b43a-ea4b665f7110	Iure
5e2b1367-6a5b-4b3d-bb40-c7836778a271	Qui
9f7b7347-9657-4fe5-b819-3266d5e15d64	Qui
ad154656-8924-40f2-9b63-32bb6cdb79d0	Quo
1b6fc0d3-f596-4b5e-b8cf-561e92a2cef2	Id
79b92065-f0f8-4417-86b6-8518428e0005	Aperiam
7286940d-e6dc-42ef-a5dd-7a398f2b255f	Vero
c4a784bc-00b2-44ac-b544-ca3cc3b02293	Maxime
4bff2fe3-aa97-41fa-97f5-0c76313ee848	Veniam
cfa9bf51-087e-4118-98b2-73788926a6d3	Illo
c243ea19-1fbd-4619-aab2-df0269f368c0	Consequatur
15e0c402-2820-4cbf-80e9-cc41af853272	Occaecati
d19d371f-8ad5-4384-85f5-51b6e9381494	Aliquam
c060b1b7-21ad-45c0-a7a3-d055d7d896d6	Nihil
92741ee1-3e61-4e0c-83f9-503141f13217	Non
c50ac86c-f035-4534-a62b-530598bf4829	Sed
c5159337-5518-45c6-b16f-b6d60ca6b9ac	Reiciendis
364165b5-a630-4458-86b8-776baa2e9629	Odit
cc8a8da9-d79f-4b97-95cb-33f07c762f30	Consequatur
2203a849-0078-482a-822b-faa18e89cd6e	Non
cf19bda2-fc2b-4d18-95d1-913f1670510d	Totam
173e380e-6b66-4b18-a626-ce434c4f42f4	Et
c855c5a7-9574-456d-9bcb-6de449861392	Officiis
790cc9a2-a993-4409-b2f5-752050d5b009	Omnis
19d262b2-6ffc-4934-b294-a4b763e97232	Voluptatem
11863354-c218-4290-964c-de687b9ca1da	Non
d51c0292-de83-4dc1-a84b-ca2a245ac95f	Odit
ebe929e7-2378-448a-9dc0-b9d76d70d334	Quos
d38e3d31-be43-49ee-b3d4-451c9a36cdc9	Voluptas
7c11e9b8-3770-40be-b99d-591e822742ad	Modi
9e925987-aa64-4181-8005-9772d43a2dc3	Ut
765314dc-8403-4b20-a60a-4e1f33511b0a	Qui
c38c68ab-504d-4b13-9bc5-35166bf14ac6	Et
7211ba98-78c1-4a0b-88d7-2a0604f9eb81	Autem
f076d892-c543-4cdc-8a22-b7d929428961	Tempora
34c847d5-191f-4c69-be65-1b3112ded35b	Repudiandae
488548e7-b9c3-4f6a-af01-daa7e217807a	Error
016e75f5-5d0b-436c-bd84-3391b1630d3f	Voluptatibus
cb4bb376-f9b8-45bc-a711-86640b567280	Reprehenderit
bdd8b1ce-a708-44b7-a5ac-63b277955f50	Voluptatem
c1db7dbe-5ead-47a5-949d-1b23e06da9cc	Quo
3dcea772-c0cd-454f-9a39-18a4d5b49b50	Optio
11ef50aa-f234-4e4e-be68-8798168d461f	Qui
580b1000-2918-4f4a-9f7d-ca267e03806b	Consequuntur
9a1dae85-7265-4413-a64c-a4613fa0c450	Voluptatem
53ed2e00-b540-4d8f-890d-3fc56bf801b5	Magni
42eac34f-4894-4a8a-a561-c8e5b9604011	Iste
e7cba4c2-2ab4-4b89-8c6a-b34a106965ab	Excepturi
8d160256-9c5b-40fb-9c7c-1722e8728a54	Maiores
28a541f7-723b-4c27-8b09-f3e7a322ddde	Odit
ef15e40c-7742-4e2f-af46-a81192ca8909	Veritatis
d51410de-f323-407e-a5f1-cabba5c87c78	Qui
fcf33864-bfc9-4fa3-96d6-3a71177b75a4	Tenetur
7939e4e3-08c7-4d82-954e-110e80419124	Placeat
685ecb94-59d8-418b-96cd-9bc46af8df2c	Ea
9f9cb4c0-7f4b-4b53-b42f-2e3f4ddacae9	Maxime
74067d89-eb3a-454a-bc0f-7a8a4cb7d31d	Voluptates
11ff7e99-d6a9-4c48-9865-d1779b7107c5	Odio
c0d3b61d-fa69-4231-b089-1d15a28ed3af	Aliquid
b36c97eb-32bc-438e-adc1-ee63fffe9fd7	A
622871d5-e449-4c2b-8de1-39358dfbf994	Repellat
f61c3ea7-3623-4ab1-bc6e-cb5b2a1d16d3	Veniam
8d913707-f4eb-4c28-bc4f-f913442a8de7	Dignissimos
7499a206-9051-489c-8c72-469cc536ff4e	Commodi
2b732092-385b-4d14-aaf3-28b35543bc41	Nihil
4d19dc96-563d-46f2-9d6e-82049cef5a06	Excepturi
2b5d5ff4-1e28-4c0f-bf23-9be3060238d2	Corporis
c01b8e8f-f3fc-4c7f-b4bf-1e2930be794f	Facilis
63dd53b6-a2c7-488d-8895-141846822e81	Et
32060ffe-1d92-40b4-9bbb-782416c2bd14	Corporis
e59a16d3-7374-44b2-951e-c9b7fcb9f426	Occaecati
005e227e-2440-4d3c-9a12-48a6a232a99c	Et
fa178cc8-7302-48a0-a0be-81cd72045498	Autem
4f1e1bd8-f058-4e0c-a73c-d0db9518c7da	Nihil
c41705ef-43f8-4ae2-accf-75e17ba40a60	Harum
0cf03ed4-ee8f-49e2-8b2c-c5455be16814	Soluta
2f28b101-aec1-46f2-99e1-ef44843c2119	At
be7c88a5-0ac8-4713-8dac-c8d3548c52d9	Sint
72e5e759-3b47-4349-8715-0ae5b89d0a06	Qui
7e04bdc0-62f8-4bb4-becf-31d18c15e064	Minus
90626fd0-5fa5-4edf-8aee-e2e606d30f6e	Iusto
1afa8c53-1199-4768-9f5f-8d1a96bfcff5	Fuga
4dbd4198-1831-4ff8-b783-f967e8c1f6f2	Quo
a2f59d19-6d1b-48e3-bab9-bc02d7adb22b	Minus
28efce62-3463-47e4-95a4-e9cf50319ef3	Velit
0a313efb-f9b5-4034-abb2-3dc058803e1d	Fuga
64aabfa9-5c53-4108-93c8-fde6c888e864	Sunt
4e0273d7-dcd6-4982-b2dd-c08a76346118	Et
36a6002d-20b6-4412-9347-1fbbcaab9add	Voluptates
a853ef71-2026-4a33-aae8-40c8b38da84c	Ad
23476cde-812a-4a00-b370-4bfb71ed22e8	Porro
2d5ff792-49cb-4613-af18-56bd7365ce9b	Dolore
8fbc0fd9-c41c-4e92-a904-fda8f1dee286	Voluptate
f2746063-dc5b-44f7-bf6c-51625e96e5cc	Omnis
c110f00e-57a5-48e0-8720-d9fdd38cd274	Exercitationem
3def84b6-ae8b-486f-a176-1a8e78f9d129	Id
6c7718dc-efdd-4eb6-a479-1f352b7fe5c9	Accusamus
c2b90719-fa4a-4763-9ba9-e58735b3a428	Recusandae
455b7b1c-6c51-47c1-aaec-81db4a455c19	Laboriosam
1ff49582-27c8-441a-a346-30453182ad85	Maiores
105a1f9c-f604-4d08-8e09-ecf81e59fb58	Tenetur
bbad1dae-15be-4df5-8667-f4e7caeb7469	A
518735c9-cc5d-474f-81b3-5790f4041d2a	Blanditiis
44597b36-25ed-4149-89fb-d73906969ff6	Natus
554ca8ca-a89b-4cc1-8f5c-1be187ddba73	Eos
96d014ed-3ff9-4f78-adb0-29be5fdae950	Sint
c2a2033d-f5c6-4cc9-8bcd-3abbabcc1349	Officia
250eca33-d119-456a-8650-d9647796a67d	Error
389e1e7e-4e6f-426c-bca0-a30460e777f0	Reprehenderit
4f531917-8cce-425b-835a-b9b35ba30389	Ipsum
6de8d31f-b7cb-45a7-a864-0c72115c8f37	Modi
a832b307-4446-4b09-803a-679b9a16b660	Impedit
61977b17-0f23-4af0-bd5a-01a1efd0b173	Delectus
3e4f9a81-1b34-40a1-a791-0230a2f894bb	Aut
1ddcb0d3-c6a7-4a21-9460-bc3d08a0dfe1	Nihil
75262f00-74ca-4e47-9ffe-4330eeaed9be	Et
5fa67661-dac9-401f-b09f-8e0cb45709a7	Est
1d9fd21e-1ba8-4c39-aa2a-a5a94f2e2127	Sapiente
13db0794-a1a5-415d-a98b-c4c303e190e8	Sed
6a4281b5-dd8b-431d-b04e-8e7fc3386a40	Fugit
1ed946bf-f218-4f0e-9e93-34b12a03a830	Illum
ca8232f6-114d-4562-9f5e-831c120a4a8b	Sit
29693b0d-4292-4436-812c-707996064c04	Ipsam
05fc8655-ead2-4b8b-85ba-7eff534000ab	Beatae
01271541-e6c7-4dda-8d19-2642044fe81a	Ea
70c46200-c570-4b38-aec0-15be20044c21	Tenetur
a04ca58c-51c8-46e9-843c-2f5e0e2bea3c	Molestiae
39222b72-6481-44c2-9d10-624e6b5fce55	Eligendi
2c75e98f-7322-48da-a415-bd33fc238da7	Eum
e1189a19-034c-4621-8c05-0443d9ab9525	Tempora
41f05269-d862-4e61-b1d4-05510800e879	Enim
10e2fc4d-cc83-4807-9fb7-2a745ea2ded7	Et
0b6ba546-6d85-4c23-bb77-0e8fa8afd10a	Sit
1979ec73-0524-42dc-b536-4c5b214d80d4	In
87f21b7f-b53c-4892-b209-2917338ddadc	Minima
a6be8e67-ac1e-490d-a743-8c8220b955ea	Ea
f1e3a285-25bb-455d-8be6-d87b7d4d4563	Velit
20b99498-328f-447e-a08c-562f90131fdf	Quibusdam
b3427c9a-f2e8-4b1e-874d-1d9392a90cca	Excepturi
9a0aee23-a1b6-47cb-92f3-a75924d66bba	Quasi
22c3a9a7-10b0-4ebb-96ce-424cbfba58e5	Fugit
e4ef4f0b-71b8-4bdb-9cd2-b004c759428c	Quas
f1096cde-faac-4c63-bc1b-14593cca335b	Consectetur
d315d306-7c58-4cd6-b23e-14c6e41cd2c9	Ratione
0b88d777-0f75-4e27-8590-d83445e591d7	Mollitia
ccac4312-d4be-4712-8721-88fdb4bbd0b8	Reiciendis
24bf00c3-f5f2-46c8-81f9-4cf8159c17fc	Dolores
9b668b9c-5fdb-4dbb-93b1-a55c9d69de1a	Cum
d7959e9d-3bd6-45f3-9ed1-ac4b8327f162	Et
d1335578-8486-44ca-99d1-a854b9dcda1d	Provident
66043250-7447-47c0-aea0-6c792be4b57a	Occaecati
6093165a-2bf9-4429-b794-9f7179e1ea50	Et
9ba4ab4f-65ee-4092-83cc-e85fb9ee5453	Velit
278724b5-86eb-451d-9e41-c63afe52a372	Earum
0d9602cc-bbba-44a4-8d4b-19beb231e3ec	Id
1460fb7b-d973-4ac1-824a-b73c0fb74d96	Itaque
474600d2-3c50-450e-8f1d-98dfc2700b27	A
94ef114c-c40b-4738-b220-85d6d8c05623	Nisi
25a73bd8-eef2-4ca0-8d6a-4ecc38bdd64d	Atque
51018808-5e10-4bce-9081-e53cd8ce1109	Incidunt
26341d5c-f384-4032-9bf2-e8eb49bc9e10	Non
7da441bc-39c5-4e6b-93a9-c7fdb0f95e58	Architecto
879c6b74-2afd-4c62-955a-6a2251e52a88	Sed
e39ce769-9a28-4113-9285-158646630ab7	Dolorem
683ea55c-c569-4980-b207-77d6d62657a8	Optio
6e4c7fcd-7d5b-4033-b412-5a898e36e535	Reiciendis
63993f31-c861-4f5d-952c-569878d3d240	Quo
183c10d3-14e2-4cb7-a9e1-8fc376145b20	Praesentium
6550d857-26fb-475d-810a-ee14baa0bc4a	Numquam
096fd006-1789-49b8-9fe4-6206c67df222	Voluptas
cbe8275d-df88-48a5-b599-3d85628888a3	Magni
844541b2-2400-455d-b0ab-e1c89dcf6125	Quibusdam
d9ef17af-c76f-4848-8277-d2aeba26404c	Ea
a9e63527-8aad-4488-a074-967a735ff106	At
90d5faaa-0b97-40b8-baaf-fa3dd93e7465	Harum
cd6059ab-e945-4372-96b8-9a8e9a427a20	Sint
d20d1b80-c009-471e-8995-3b740abbbd8c	At
11722d8a-5381-4601-a073-928f817215a3	Qui
e9fee6f9-29d5-4a7c-a2a1-025e3f97399f	Dolor
7caaa69f-9576-43b6-8154-2f103220d8c9	Error
d54e798f-69f7-417f-abe6-97d1bc7ab3cc	Molestias
2f4d085e-59bc-4efb-970b-1fcbec5e1485	Doloremque
aa0225f7-fa0d-401d-b7f2-b7d5f30895b7	Aperiam
d70cf563-60bf-4624-b4da-805b73c074f7	Accusamus
f7781ec0-f287-4a77-b008-bef5d7d9eb3c	Adipisci
9f3faadb-7cb9-498c-ba11-807917aa6a5f	Suscipit
cd77f4db-99d3-499e-984c-9b8246fdca62	Nam
87a14082-97bc-4180-ba92-df48cebf2001	Qui
d3b894a9-4d19-4660-9e79-cb807e013ebb	Voluptatem
c7b04173-0a77-4d1d-a938-88d921a863b0	Impedit
91d9cb11-c84d-4671-8b78-11498ed2b561	Et
604e7dd0-c5bc-4a30-870b-54271aade0c7	Commodi
0381645f-02bf-452a-be8e-5a45b09257e6	Nam
ea8b2e4e-1ea9-4182-8dc3-4767e03efef6	Vel
73b2ceed-c872-4502-a4d8-c11e2da7d608	Porro
b97ee6ca-9ace-480e-b96b-8875108c75e7	Delectus
dcdf6c7e-161b-4dcc-9b06-212badb7592f	Natus
428703fc-0678-4b9a-975b-13cddd7b21df	Sed
e60042ba-671e-44ee-b29e-b53ff8a9a066	Sit
ce2a10b6-7c97-47e1-890a-d5b55edf0f61	Inventore
6b26ecdc-3690-4f9c-a285-de2f02e1d075	Accusantium
0fa1a0b5-8517-4938-aae1-6d624f311158	Rerum
4a43c338-af92-4722-a46e-d14090d2075e	Eaque
5f065d25-e0c2-4814-adbf-1ad890cc1983	Velit
5a148867-102d-4c48-b146-1c433f5829ae	Et
d402381a-a842-4e5a-b6cf-cc133bc1aabb	Qui
d739898a-746d-450d-927f-22deabc490c6	Recusandae
7178cf00-ad2d-4736-bfa0-36e859c23dd2	Atque
3e0edec5-d9bd-407b-924d-667df866589d	Aut
ce5443da-09d5-478b-b443-3d86a33d1a19	Qui
9b476e6e-3fa3-4fa2-a7f3-75fe88c4c374	Quibusdam
44602443-4703-4f14-b23b-64b76acdcf9a	Autem
d57d5993-9db1-41ef-a5a6-ede80949d533	Harum
d0976ee2-56af-48b3-928b-bff96dcdac97	Magnam
61ef0629-15bd-4008-b825-500f49373eb8	Sint
50fda3c6-6050-40de-8f17-44ed33534267	Nemo
99f483bb-0f7d-4109-a73d-8d78c89ac027	Et
e9c0a08d-2954-4c08-ba27-f1b009269b1d	Dolorem
547294eb-86d9-4c85-b231-c792df062402	Et
67217cd0-ca1e-4fa8-a205-c1a7b4c1ad95	Minima
767e30fa-6738-4b19-827d-01c5b7ac22e1	Dolorem
74893bdb-ed38-422b-b195-26ca8ed4cce1	Consectetur
9289c587-10dc-4a81-a05a-00e5e1ce6e23	Id
ed50142a-608e-444b-9473-65fbc93b84a5	Voluptatem
85a53906-6204-4f96-ae23-a114c3c09a0f	Qui
92198acb-b20f-47b7-bf0c-135e839863dc	Quis
d669bb69-c4be-4d86-a4da-994b1e634fc8	Id
70bed35d-c83a-4b74-bc07-ac8b0ad05e6c	Dolor
4c492ebc-0670-48e0-8864-8a491c1f07db	Possimus
d45004fc-ef5c-4b18-ab9e-5ea9ab520d50	Reiciendis
efbc7488-5387-410e-9c15-dd2798a484e3	Tempora
d3d5d282-b837-4697-a073-fe8b46c12d51	Voluptatem
cf63452a-a8b3-47cd-bc11-29c1de40c166	Tenetur
dc3786ab-ac7f-44ae-95b9-2608f432db3d	Sapiente
f784e64b-8ee5-41e7-b698-e295fd49bb0f	Qui
59c731a6-ecda-4ee2-9b67-4f65c7371430	Voluptatem
0e25e942-f172-4637-a0cf-9f6d6c7abfb1	Qui
e06c10ef-e319-4ae0-b29d-ac6050143a51	Omnis
35c2c7a1-0f55-4fa4-be61-4fed9beff515	Nobis
bd9d7e9d-8431-4f4c-b0f6-ba4b5c3113c3	Unde
3c0800fd-b861-4ab9-8bf3-a41cfbe89bdc	Quasi
0f999b86-c0e9-4104-b963-21e140a84f56	Labore
5d208674-aaae-4771-8e57-277af08ad6b3	Quia
351658de-0eb1-4bcf-8b87-d7d4055f14d3	Voluptatem
ca40e795-e31b-48dd-9afa-7f2ac5e67929	Sint
94f82d4a-ffe6-4cc4-b747-e585d27b21cf	Nisi
3c429eb7-581f-459b-838b-4b6e6c05b0f9	Voluptas
f9ae1554-0724-4981-8111-9a9354da1a1b	Minus
8ae35683-5861-4f88-ae81-ba962b85b9f1	Placeat
497a9289-ed56-4cb3-8daa-0193fff01dc0	Necessitatibus
07c1f3d0-66a2-4ae1-bcfd-4d55ebcc047a	Sint
37d9a215-d0ed-4a84-a838-280858fb9828	Velit
3b763b7c-dc2c-44d2-b917-925a9387b41e	Error
764915d9-8ca1-48e0-845d-d5c50e8bd56f	Id
95907cc5-bb60-4075-9970-8289eb2b674d	Consectetur
e5622711-d097-4ed3-a0fa-b7778f7e3466	Voluptas
d2062b05-5212-41da-8878-816384065e3c	Consequatur
8559897d-b2da-41d6-a7fb-62fb9b5a52e0	Provident
3f3bd0f3-d68d-4eca-9ace-df2fbf5ea035	Eos
f8c0f325-3c2b-4d00-97c9-d6e12ba41ac1	Voluptatem
73a82bc3-16fa-4566-86c3-902297ad1e3e	Rerum
ded6f11a-a17d-4d38-bf39-00b4837a26f7	Nesciunt
e65220ad-03a8-433b-aace-029484661975	Consequatur
0f353284-7ef6-4cda-b17b-6ae1669e06d8	Placeat
b2325a2f-52a8-410f-951f-9b71c0d68266	Dolorem
d1ea1af4-cdc6-4900-94e5-f025a554a80f	Eligendi
ca431118-d03f-4af7-9e04-de7d00496a4d	Veniam
c54c48c9-0567-44c2-9938-9c2140c6c47f	In
d29ee91a-e0d7-4e6b-b2c8-ad20bfc4cd95	Amet
bee82c90-105f-431a-8fb0-593d3a52f760	Temporibus
46575031-b8d5-4ed1-917f-1d040d03d6f5	Minima
48b10458-26cd-45f5-a4d5-d497018fe00d	Quibusdam
17c7f119-0e03-46a3-a79e-b02a8b3ad587	Iure
3f503763-014a-44f2-912e-e473a6eea01f	Aut
b4eaae11-0095-4e62-917b-9cf101ba55eb	Minima
18a5e5ea-b389-4e16-9e6f-64036be35054	Atque
16253e05-fae6-4594-b5f7-401e5aa7162e	Officiis
c1f2c44e-c418-4bab-9241-34edd6668e2d	Est
2480bd94-e64b-4d5f-b671-8c1a92d63a76	Ad
69b26141-3fa2-4ae6-be00-811f372bee8c	Omnis
3fdc81f5-6d65-4f05-9325-86f7ecdfef80	Possimus
7dc83edc-b89c-4689-b052-00c9c924de12	Ea
c10517ca-3bb2-4401-a99a-dd43d4c9d551	Aut
8990836b-5d7b-45ff-8761-df3173d4d6f6	Veritatis
2be2e404-6eb1-4039-9527-3b34efa1eab7	Autem
31698915-2c27-4861-9129-3df9ce6d5baf	Pariatur
7c74d6f0-2f58-4310-96bf-ebeb37358570	Quae
7b2761e1-cbcf-4eb7-8165-037e638f767d	Quos
b78d1d57-454b-4c6c-8544-56db56938d01	Quae
2e381bfc-2f2d-406b-a06f-606fe922653b	Iure
eac0b2be-d2a7-4b8d-97d9-56f7d789f171	Quia
42f20765-eef8-46da-8218-49b673164e66	Dolorem
a66cd2ee-2d17-49d9-b635-3847cfb02e1c	Accusantium
84da7b0c-0a19-4505-b644-c87c9e1ae620	Optio
0bac8b64-ff63-4d24-a07e-d73b7865283e	Autem
02b2d618-010f-4cac-b35e-afc8dbc44554	Rem
91326570-d315-43c0-a39e-a5aa962ec9f6	Iusto
3849eb20-c69e-4c64-80d0-f7a6f2b53b0c	Eligendi
93b39d54-09d1-4042-a186-06ebfdc43424	Iste
26e844ca-5c1d-406d-aa70-fc5817ddb951	Sapiente
db013fd8-b2f7-4487-a42f-db751931c71d	Sit
cacd2d9e-f95c-47e5-a852-f55298925cd7	Reiciendis
918440b6-bae7-4e7e-bfce-bc28fc096321	Et
9e1f7bd7-4dbe-4430-80a8-ee6796f93805	Nemo
dfde9a53-82bf-44b0-a462-62412c709557	Dolores
b22c85f9-8403-4ce1-bcce-6515b89ce031	Consequatur
e1ac0c39-7fe8-472a-a2d5-ee33e8ff4f0b	Veritatis
56038ce3-ef48-4698-988a-271fe56b0f4f	Ea
470bc92b-d625-4899-b8ea-270c45c6da4f	Consequatur
579f90c8-f33b-44b6-9831-13a987ec117d	Voluptatibus
07daf1bd-b0f0-489a-8118-5af7c9a41f66	Voluptatibus
7d693b3b-4256-4534-bfe0-a91776eceb96	Sint
e30889c4-6401-4f4a-96d2-cc42fd94c898	Placeat
1be2511e-31f0-4dea-8e3a-a9eeaa4e6825	Possimus
b1be6b44-1209-4dc2-a799-5404ed217ac1	Sit
7289e638-05f4-4f21-8b1c-d90772bfe92e	A
13e7109f-c460-4686-8a23-e004e721c58b	Eveniet
2fb26e81-e61c-4303-aae7-2f1a802c6bdd	Dolorem
3e027282-e829-441a-a523-2b10c3f64bbc	Molestiae
e5a5e03e-565d-4bf9-9586-517a36d702c0	Qui
80b3ba38-92ea-4d6e-8820-e3b59616d317	Soluta
360f819d-ca13-4f99-b98c-ae84b0d8acfc	Est
6b08d24a-e543-4bfb-a7ca-42a8feafa0c4	Eius
ae9446bd-23a8-446d-912a-05650eeb3c97	Aliquam
0165c772-a867-4e20-b002-dd6d58fa6a6b	Veniam
6762c7c0-00f1-46c6-8f3d-429a35f3196e	Optio
25bb88dc-09c2-437b-8912-dab63b14d0ae	Ut
fd70699f-2c49-4110-96cf-50cf1c99a4d9	Dignissimos
23ac7a76-2eb6-4c33-a4f5-5cd344fe807d	Vel
f41b8c95-a8dc-47bf-9de8-d1095a4ad666	Magni
678c3270-ddbf-4d4a-afa3-dfeea3b9c826	Labore
7ba31543-5dbc-461a-97e2-56ec456af92a	Vel
638731c5-a0ab-47ed-9e82-3fb5f58bab94	Beatae
6c9b56e1-ca3a-42e5-a742-6d819f1f176d	Est
91897b91-00f0-40d0-8916-d7f695a4dd8f	Aut
1abb74e9-09c5-4a31-86a6-3215397f06f4	Harum
db1e4bb1-ad10-4f56-afd0-87d635829661	Alias
9ad35f56-dca4-4d00-bed2-850ab4c6b4f0	Aut
a65856b4-929f-4e4f-98e5-900b3db392af	Vero
cdd5f1d6-c3ca-407e-ab15-07263f616dd4	Ut
d33360d7-fa11-413e-89da-fafbb564a0ac	Cumque
10a21e81-c3a9-45c7-b093-96b702825059	Quidem
2b3fe0a1-5a81-44e3-add5-f63ec6dc2f25	Nostrum
bf645e42-d2d6-4a1e-ab23-b5c06adf046a	Sint
312952f6-8331-49d4-ac73-0df79a678f3f	Odio
b2f8620d-d574-4817-8665-30d39a5d2d21	Neque
e935a760-f0e7-4c3c-a243-7274514cf58d	Asperiores
f2bb03ac-99c0-45c9-a9cc-d445bc319c02	Qui
989662ba-8439-48fe-9bd6-ae22a5ed248b	Est
73a92b37-1533-4289-9003-665fe69ea52a	Sint
f31260d9-578a-4b3a-86b4-077a4e216bdf	Consequatur
6ff3c140-70ac-4d87-b51b-1c6accb808da	Quasi
4e5dabcc-1469-4024-a8ff-c093a9366ece	Quo
add43a46-3e90-4d48-8e3b-845d47bdd989	Harum
78949576-69fd-42db-be01-fc79650d84de	Earum
8689b535-ab19-4fc3-b285-b5c99453c8d1	Modi
510432c2-01ad-4ab2-95ab-27866be9a594	Atque
1e0c09ef-0ebb-4774-9b06-d827d4373d98	Voluptas
244e7eef-3c2b-4282-8aab-c95b655f2ae5	Repellendus
f043c485-ee28-41ff-91bd-73a5ef7b08d8	Quis
868a6637-be84-400b-826a-73f0397de981	Sit
669281c0-855e-44b0-a006-fc500e121f6e	Quia
cabe56f7-1b6b-4700-b48b-87bd34353eda	Cumque
55656258-336c-46c1-9787-b0f8bdb3a2da	Iure
a730b934-374f-4949-86fc-8b5f7a3a9f71	Ut
61b57b26-6c40-42cb-8621-62c727e3d577	Sapiente
89a0e495-0d38-4ce3-b507-a0d1fe09a6da	Quaerat
391cc2b2-d8d4-4d19-8d6b-79a90314015b	Voluptas
20ce5868-35cf-427e-87e2-c8467e108f3c	Asperiores
fa46e150-7710-41a2-8d5c-80b1337e8bf9	Amet
ae2086d9-9384-4eea-b667-11c922b0b12a	Expedita
64d24c69-cecb-4209-b846-c4b59d437815	Facere
b929dd5f-c994-4833-9d98-62e193048743	Ad
e5968180-9b25-43c8-9ae8-9c085f8bc3b2	Doloremque
84692128-e9d6-4273-8822-bfb81e29829c	Molestiae
06287c0a-59f1-439e-b001-829f4a9d6e9a	Deserunt
85e09424-05d0-4e8c-9467-00956300d1c5	Suscipit
5d25af3b-5bde-4e43-8c08-43ebbe0a655a	Consequatur
cfbd5f54-cf40-4198-845a-0b82fb10ee34	Aut
e6082d7f-c812-4e9a-ae30-2ef329eaa32c	A
e9f2b1bb-2738-4d1f-892f-45b575c8b0b9	Commodi
3bc4ebbf-27f5-4aa8-a637-700af9c99c9a	Asperiores
ba89549b-170c-4fb3-bced-a671726570ce	Doloribus
1e4beb42-cc16-439e-b32e-a6e6569bed31	Deserunt
c3832810-4ffa-4fed-bef1-761f7e861a1a	Pariatur
d229326b-cec5-4269-be35-ea121de07d65	Et
609b2b62-4dcc-4d8b-b43b-dae0fbe6b152	Saepe
27f83870-461a-4be7-85a7-0616cc913eab	Eum
05928ae4-5a5b-4189-bbad-f31b10c0053b	Laudantium
5228f45d-28e2-459f-a698-303db6b29606	Perferendis
5781f5cd-4bb8-4bd1-aa83-33a290da4f8c	Dolores
ab60ebf2-c558-4f88-a16e-f5c9231ae135	Ratione
e7255c9a-65be-4c02-8290-00972077a0f8	Enim
4120b2d9-4b56-40e1-baca-96c337acfa5f	Sapiente
04472a2c-1c4a-4928-878e-6ffac6ccd31f	Nam
05534cd3-e0cb-459e-bcbe-3d61486901a3	Sapiente
159509fe-4f6e-456b-be3c-218adb415218	Est
79d28c59-4f3a-498c-b6d1-454ac5d1b51a	Fuga
ff2bdba6-aeb3-438b-a756-4d79252ea48f	Atque
f6dd00f8-79bb-46aa-8d81-d2316e149516	Error
e17fbd4a-beea-4b87-a9ff-4057deb0618e	Vel
77f036d6-beb7-4139-9285-732ea3e083ec	Est
400ed5ca-f215-458c-929f-d787e9e0cd83	Voluptates
bfac4703-7bfd-455a-bca9-fdaa4efc76c6	Vitae
fe2d7c4f-b041-4dab-b5ed-a02bac2cdfbf	Quo
306115de-ccd7-4321-ba2a-4f225e7709a7	Possimus
63e3703a-a1e7-4ece-82d6-8283fcae0c5e	Praesentium
13f50d55-c929-4610-9ad8-7cf0fd6e56ff	Nisi
e69c218b-61b7-435d-bc95-c395e19f234f	Consequatur
c88de917-fe44-41be-bf4f-151e9184edb8	In
3b85f794-79ed-4a73-a029-cd7f61fde2ab	Accusamus
07b98685-1cbb-4b7e-986b-b1c21582899c	Est
8c1a3336-35d1-4b95-a2c7-52ba12536e7a	Quae
297e30f8-f6e9-4076-ae9b-b7dcff2c3caf	Nobis
7eff6e26-5117-45ac-912c-f7baf3b32913	Voluptas
08200d29-a4fa-45d5-9041-b2488d37cfc1	Natus
3462d91e-e073-4c4e-91b4-f986b8d6aa53	Et
db31f103-31f3-46ee-9bda-66246dc3023a	Ex
6ac65d74-274f-48b3-bc58-26f0f731dfa9	Dolor
b0027c72-1742-407a-8891-6cd475626d07	Sequi
594ad904-833f-48b4-9bb7-aceef51fc695	Ut
53f1c346-215d-48cd-8c8a-98cc24c08649	Quia
50016e4e-3fd3-4656-bf5a-ba2a2b79a25c	Quo
5b1ef60f-7bea-450f-8829-dc54b0526159	Maiores
e4d45383-cfdb-4e8e-875e-91d76c35c55f	Fuga
749d07fe-7892-4ec1-be7f-bca72a9ef467	Quibusdam
38373ab5-d56c-4f75-868d-d0a7dc0d7027	Veniam
b534fe4d-a4e7-4bc4-b13f-0ae76ed6398a	Nihil
e04235a4-a85d-4834-be2d-cbc5125b7fb0	Repellat
f58cf3d9-228a-43e6-ad5a-f4f5d1eba9dc	Aliquid
37af63fe-42b5-40ab-bb4b-f5936de9a45b	Eum
737ef8b8-1ab4-4237-9428-e067b6ee6879	Ut
\.


--
-- Data for Name: UserChat; Type: TABLE DATA; Schema: public; Owner: -
--

COPY public."UserChat" ("UserId", "ChatId") FROM stdin;
\.


--
-- Data for Name: UserConnection; Type: TABLE DATA; Schema: public; Owner: -
--

COPY public."UserConnection" ("UserId", "ConnectionId") FROM stdin;
\.


--
-- Data for Name: UserSkill; Type: TABLE DATA; Schema: public; Owner: -
--

COPY public."UserSkill" ("UserId", "SkillId") FROM stdin;
0d7f77ce-2c59-4047-b356-92fc9c85db0d	7ae7cf19-ae7a-421c-817d-5ba3b337e171
0d7f77ce-2c59-4047-b356-92fc9c85db0d	70ed6481-d845-4626-8035-9f432bc8d3d1
0d7f77ce-2c59-4047-b356-92fc9c85db0d	bad0d62a-4f06-4dab-ac00-130a2d84d10f
0d7f77ce-2c59-4047-b356-92fc9c85db0d	4341d6d8-1b78-419a-b52c-be07ed94ca7b
4c8338c1-f36d-4ae8-99f9-d15755637ff6	5ba83fea-1faa-47f1-a902-3245b9688a8b
4c8338c1-f36d-4ae8-99f9-d15755637ff6	b61ffb68-5e56-47bb-8710-93d6d73087d4
4c8338c1-f36d-4ae8-99f9-d15755637ff6	c9dbfc2c-7e3d-4208-a391-ac6eaea115cb
4c8338c1-f36d-4ae8-99f9-d15755637ff6	65719458-b4c0-4deb-a7f3-4a220fb46d75
4c8338c1-f36d-4ae8-99f9-d15755637ff6	ee36b760-1a6a-45d8-9af7-cae400d7c32b
4c8338c1-f36d-4ae8-99f9-d15755637ff6	f8e9f236-57c2-4dc0-88ed-1aeb7ecabf40
4c8338c1-f36d-4ae8-99f9-d15755637ff6	1cda0599-bfec-4fe6-96e4-95216bbbf247
4c8338c1-f36d-4ae8-99f9-d15755637ff6	762caf1f-c39e-47fd-aec1-e17c8a16ab65
57d4cabe-b005-49b6-aa66-4d9996758179	cd55628b-4f85-486e-8123-7092636ae5ab
57d4cabe-b005-49b6-aa66-4d9996758179	c9b27760-be5e-4fd6-9486-97a0673716e1
57d4cabe-b005-49b6-aa66-4d9996758179	a10762e3-6b62-46c1-bdaf-61d8ccf0ed8b
57d4cabe-b005-49b6-aa66-4d9996758179	ad505254-85b0-4a3f-8613-9f324a4b804a
57d4cabe-b005-49b6-aa66-4d9996758179	6685ad19-e824-4132-8555-4d50c4e393ba
57d4cabe-b005-49b6-aa66-4d9996758179	597dc2b4-4dcb-4dda-93a3-eda75d9a3ee0
57d4cabe-b005-49b6-aa66-4d9996758179	300b15dc-3440-47ff-b7de-e8c769e40afa
57d4cabe-b005-49b6-aa66-4d9996758179	37d80b5e-29b9-4102-87d1-cdf01f92152a
57d4cabe-b005-49b6-aa66-4d9996758179	646d4e8b-a9c3-44f6-bcea-1d4913bb4f5f
d31686fa-0816-40f2-b9c6-7807c9c23a87	d1a1bc31-91c4-4168-aa66-1d550c81df4c
d31686fa-0816-40f2-b9c6-7807c9c23a87	20ca8cbd-6698-43ef-b878-83f604f06237
d31686fa-0816-40f2-b9c6-7807c9c23a87	740ffba1-dad2-4b17-8d9c-9bb91a5c4d95
d31686fa-0816-40f2-b9c6-7807c9c23a87	1a87b544-d0dc-4d88-89be-628bf5546734
d31686fa-0816-40f2-b9c6-7807c9c23a87	684b3cf4-44a0-47f1-9a79-e7f5b6dc6716
d31686fa-0816-40f2-b9c6-7807c9c23a87	e9136249-e3c6-416a-bb26-d58f9e180713
d31686fa-0816-40f2-b9c6-7807c9c23a87	24d5938a-664a-4e01-8f79-129c0b86e05b
d31686fa-0816-40f2-b9c6-7807c9c23a87	55dfba61-008a-4620-9287-7c5f7395829b
246a4444-a768-47f4-9b1c-128c9c2f2db4	882b52aa-1a14-4bee-a778-f0731776f3cf
246a4444-a768-47f4-9b1c-128c9c2f2db4	574f481a-8c27-4fd0-bd60-c8e35563038b
246a4444-a768-47f4-9b1c-128c9c2f2db4	a536d31d-e0df-430f-bf1e-3f3715b261c2
246a4444-a768-47f4-9b1c-128c9c2f2db4	c8130c42-2fc2-439b-85f2-a909a69f909c
246a4444-a768-47f4-9b1c-128c9c2f2db4	31c928d1-7cad-4c85-9e16-0b8dc29a3b55
246a4444-a768-47f4-9b1c-128c9c2f2db4	2c95da8e-9893-4762-aea1-0d3eda69a9f1
246a4444-a768-47f4-9b1c-128c9c2f2db4	a0c90460-0a56-41f6-9807-34a3b8d6b434
246a4444-a768-47f4-9b1c-128c9c2f2db4	4561afd7-2f5a-4805-8f0b-57fe77106ada
246a4444-a768-47f4-9b1c-128c9c2f2db4	91d7d1a4-d19e-4d9b-b3c6-d213642a1660
246a4444-a768-47f4-9b1c-128c9c2f2db4	cc301262-b016-48c2-b23e-482fcd6020be
2ac4fa35-408a-4292-98fd-4b2f46b72e60	2952fba4-c337-4e8e-a6ec-ab73a834e9e4
2ac4fa35-408a-4292-98fd-4b2f46b72e60	165d50ae-8747-4a01-aaee-94f7d23fb432
2ac4fa35-408a-4292-98fd-4b2f46b72e60	3b539853-414e-4e0d-944a-a43f492de1b6
2ac4fa35-408a-4292-98fd-4b2f46b72e60	d8df8e02-f5a9-47a4-8105-9f11ae25dc07
2ac4fa35-408a-4292-98fd-4b2f46b72e60	dfb3af25-c8ac-4dbf-88f4-55d45c1c5c8e
2ac4fa35-408a-4292-98fd-4b2f46b72e60	deff8712-2f09-4542-9633-97de5d89d4db
2ac4fa35-408a-4292-98fd-4b2f46b72e60	2d5cd307-9555-4ab1-bde5-075635797672
2ac4fa35-408a-4292-98fd-4b2f46b72e60	3a425be5-b328-4cb7-876a-3d559230039e
2ac4fa35-408a-4292-98fd-4b2f46b72e60	828053d6-ae2c-484c-9260-e39a78bfe56a
51dbf651-47da-4bb1-92fa-87950dffd8c1	4a4e4704-efaf-4191-8058-38d02d56d757
51dbf651-47da-4bb1-92fa-87950dffd8c1	ef2a376b-8e1f-4cf7-a9b7-1f2986f4f4f1
51dbf651-47da-4bb1-92fa-87950dffd8c1	f785234e-4843-4290-aa02-04c85f77c111
51dbf651-47da-4bb1-92fa-87950dffd8c1	192fd8c2-b411-4926-b66d-3737af42e0a4
51dbf651-47da-4bb1-92fa-87950dffd8c1	45f6dd86-d961-48c9-b09b-fd1fc5629c5d
51dbf651-47da-4bb1-92fa-87950dffd8c1	bac58ba6-7e8d-4638-962c-ef8fdae70443
51dbf651-47da-4bb1-92fa-87950dffd8c1	eb132066-da0e-4bec-8560-e334962ede37
51dbf651-47da-4bb1-92fa-87950dffd8c1	6ad5f32c-2c32-4945-9744-00229575663a
51dbf651-47da-4bb1-92fa-87950dffd8c1	32fc66bd-950f-45b3-89fc-f97ef5aa4530
51dbf651-47da-4bb1-92fa-87950dffd8c1	5e9301cf-77c5-4a1d-8f7f-d18ed6465c42
996137da-155c-47c4-ba6d-15540b294a12	7216a7be-29dc-4e2f-8812-34ca748476fc
996137da-155c-47c4-ba6d-15540b294a12	9cdd2e07-b31e-45c3-b3d2-a9c894f40d34
996137da-155c-47c4-ba6d-15540b294a12	1f06ef24-510e-4ca4-bb93-e98696dab15c
996137da-155c-47c4-ba6d-15540b294a12	8a582c5a-c534-4557-8b76-78f40862a476
996137da-155c-47c4-ba6d-15540b294a12	663c5020-7e76-4695-9402-b152681488bc
7d91a346-74e9-4f83-af6d-15b311f7c00b	51788860-a50f-4855-9f0a-8b94b49eff0e
7d91a346-74e9-4f83-af6d-15b311f7c00b	652691f8-5675-4c2b-9090-0608d161c38c
7d91a346-74e9-4f83-af6d-15b311f7c00b	9bdc0df2-9c13-457b-946e-2b229262c932
7d91a346-74e9-4f83-af6d-15b311f7c00b	f194e36c-17a8-4599-a468-5753656e5594
7d91a346-74e9-4f83-af6d-15b311f7c00b	ca1a339a-7b9d-4f5d-a557-ff5ee301fa23
33c27fa5-ab23-4bf4-b68a-a1dca4fd8a9c	d3311d97-6e15-487c-bb9f-998de272f93b
33c27fa5-ab23-4bf4-b68a-a1dca4fd8a9c	0f3dc626-609f-41e2-8430-96bf41f3df32
33c27fa5-ab23-4bf4-b68a-a1dca4fd8a9c	8fee31ef-fed8-4d84-960b-4c98fde29e48
33c27fa5-ab23-4bf4-b68a-a1dca4fd8a9c	f8cf2b07-c426-4a64-a559-5f0a52168323
c050db76-03b7-419a-b748-e191089ea260	f4e8c885-50b8-44ae-921f-b430216f403d
c050db76-03b7-419a-b748-e191089ea260	8c8b8995-7b4c-406d-9410-49be47deabe5
c050db76-03b7-419a-b748-e191089ea260	dda0f85d-6872-4cf0-875c-3849fe6d2d94
25f6985b-a7c5-45c9-a221-4e7e229763b6	b1d4d312-2003-4e01-9031-4cdb667855d9
25f6985b-a7c5-45c9-a221-4e7e229763b6	29ddcae8-6097-468c-9263-636ec2ea5d96
25f6985b-a7c5-45c9-a221-4e7e229763b6	61b57b26-6c40-42cb-8621-62c727e3d577
2881d6e7-6701-443c-b63d-697fdc02011e	de71440d-4484-4aeb-a6e7-5ad87a2a6d89
2881d6e7-6701-443c-b63d-697fdc02011e	533b08b7-2b40-47aa-8abc-6fba34a5cacc
2881d6e7-6701-443c-b63d-697fdc02011e	6018da99-718d-4c42-903f-2ff09a649146
2881d6e7-6701-443c-b63d-697fdc02011e	bed885c1-cf78-4469-9c6a-998c7d4b2cd2
d9491675-e690-42d5-b532-58ab657a6a68	c8e7a9f1-4692-4e9b-b60f-3da7397f3192
d9491675-e690-42d5-b532-58ab657a6a68	61d104fa-6130-48d2-9731-5b4a006fa26c
d9491675-e690-42d5-b532-58ab657a6a68	6f444e77-164f-4cfa-860d-f649d4067f4f
d9491675-e690-42d5-b532-58ab657a6a68	391cc2b2-d8d4-4d19-8d6b-79a90314015b
0afa7786-46b3-4923-acb2-2d6b90de39e5	9fd9d90f-7c37-40f7-bb7d-72acddf5e5c0
0afa7786-46b3-4923-acb2-2d6b90de39e5	55c026f0-06e0-4686-ac83-640b26bf09e8
0afa7786-46b3-4923-acb2-2d6b90de39e5	f5c15ea2-e021-4b2a-873a-a394e25b8667
0afa7786-46b3-4923-acb2-2d6b90de39e5	ae2086d9-9384-4eea-b667-11c922b0b12a
c1002024-e59a-4fab-9bd8-5f227d02cccf	abd65bd3-b700-4cbc-8dee-8da9b0b77baa
c1002024-e59a-4fab-9bd8-5f227d02cccf	228bbf4f-82e8-4352-8e18-f208d5cad15c
c1002024-e59a-4fab-9bd8-5f227d02cccf	3084f7bf-6566-4da0-af6a-f67f9a5e9523
d2879275-2230-434d-a804-a056c12bdb7b	9992ba1c-aa75-486f-b11b-2ec0334045cf
d2879275-2230-434d-a804-a056c12bdb7b	168355b7-3a86-4415-9dab-5e8107c235ca
d2879275-2230-434d-a804-a056c12bdb7b	c6bd5d51-cc0f-46f3-8204-5f405685cf92
d2879275-2230-434d-a804-a056c12bdb7b	e6082d7f-c812-4e9a-ae30-2ef329eaa32c
68f7e47e-5f41-485b-a980-0ae193a24fe4	54a986d2-c1c1-4a65-a673-ec5c579a79e5
68f7e47e-5f41-485b-a980-0ae193a24fe4	cabe56f7-1b6b-4700-b48b-87bd34353eda
68f7e47e-5f41-485b-a980-0ae193a24fe4	81075624-f24b-48ea-9b40-6feb8b21e584
f0affd0a-02f7-4e01-be91-1310a50fd7c9	139768c4-e237-4959-a793-6bf475ec5872
f0affd0a-02f7-4e01-be91-1310a50fd7c9	423cd303-fe8a-4e63-a864-12cff157dbee
f0affd0a-02f7-4e01-be91-1310a50fd7c9	552de310-4a34-41f0-8436-ae974bc59b0a
f0affd0a-02f7-4e01-be91-1310a50fd7c9	0d4f6438-b81d-4b24-afe2-d63393b112b1
b0d94687-aa58-4329-be59-0d249de4592a	1c63da1f-b09c-431e-b058-897ded8be60a
b0d94687-aa58-4329-be59-0d249de4592a	e33a9b19-af0c-4cfe-b91b-48eb0aa3e5ad
b0d94687-aa58-4329-be59-0d249de4592a	fa219cc3-3210-4740-8951-8f7110580f83
bd7e4a1b-dcb6-4a09-8ebc-23133c8ee66d	b1337225-d832-44ee-b51f-8dbb234fd0ae
bd7e4a1b-dcb6-4a09-8ebc-23133c8ee66d	92e32a6f-07c7-44aa-8573-06b3c3bcdb84
bd7e4a1b-dcb6-4a09-8ebc-23133c8ee66d	930decb7-5789-4a49-8a1e-dfe2eaf388db
bd7e4a1b-dcb6-4a09-8ebc-23133c8ee66d	16b8ae1c-e2af-4164-8d9e-fc299e67548b
bd7e4a1b-dcb6-4a09-8ebc-23133c8ee66d	609b2b62-4dcc-4d8b-b43b-dae0fbe6b152
22547421-766f-4958-9fbe-93fc40721712	db7b5c04-3055-427d-9fc5-0f30b045686a
22547421-766f-4958-9fbe-93fc40721712	c7147834-c1af-4224-a118-84f8e2010c05
22547421-766f-4958-9fbe-93fc40721712	2a620580-be1c-42f9-afbc-4ec6e00bee78
22547421-766f-4958-9fbe-93fc40721712	20ce5868-35cf-427e-87e2-c8467e108f3c
22547421-766f-4958-9fbe-93fc40721712	38916b90-c264-40ac-9f09-85efe0480687
2328d397-0d08-4450-9c7b-d9bfd6135a40	238b9baa-e63a-46c1-83b9-a62c24061c9c
2328d397-0d08-4450-9c7b-d9bfd6135a40	d704448f-b6de-4bec-ab16-08d98d40230a
2328d397-0d08-4450-9c7b-d9bfd6135a40	64d24c69-cecb-4209-b846-c4b59d437815
2328d397-0d08-4450-9c7b-d9bfd6135a40	5781f5cd-4bb8-4bd1-aa83-33a290da4f8c
1a2dac8e-aa0d-4e9c-b648-537039d112d2	e1464d75-6efc-4e37-8016-f8779b396ea1
1a2dac8e-aa0d-4e9c-b648-537039d112d2	0d1f0edd-2dd9-4673-8a86-2b8952112adf
1a2dac8e-aa0d-4e9c-b648-537039d112d2	d2e20efa-4f64-4afb-8a08-a9986cd7a7bc
1a2dac8e-aa0d-4e9c-b648-537039d112d2	8ea5ea8f-3e29-47c7-8730-b8d238f0c66d
c653d7b2-8de6-4eaf-ab37-f60a3498cb1a	c79f3f5c-bb9c-478f-842a-e88d6a12f19d
c653d7b2-8de6-4eaf-ab37-f60a3498cb1a	d11ff51b-6c16-44f3-8095-fd0cede387ad
c653d7b2-8de6-4eaf-ab37-f60a3498cb1a	c2cd10dd-528c-4a10-b4ed-f09651cd5fdc
c653d7b2-8de6-4eaf-ab37-f60a3498cb1a	31d92324-98b1-4699-bf2e-ad9bbe2240c0
c653d7b2-8de6-4eaf-ab37-f60a3498cb1a	7f1b4862-eb56-4062-b3de-bd9a427c32d5
baa8042f-48c2-4abb-9af3-f98ce8b5fad2	9e71dd41-1072-48d9-b5ea-d91d884c13e5
baa8042f-48c2-4abb-9af3-f98ce8b5fad2	20773be8-f370-44a9-9e03-def71002bd8f
baa8042f-48c2-4abb-9af3-f98ce8b5fad2	3db66d43-f4fe-4e68-b9db-b3ad5d661e1c
1a304caa-e759-44fc-8c09-973a25844a9f	1d720e55-eb90-4b7c-a29d-a2033959a9f1
1a304caa-e759-44fc-8c09-973a25844a9f	78949576-69fd-42db-be01-fc79650d84de
1a304caa-e759-44fc-8c09-973a25844a9f	368ef7ba-2aff-45d5-91fc-7720f9e7c216
1a304caa-e759-44fc-8c09-973a25844a9f	4120b2d9-4b56-40e1-baca-96c337acfa5f
7dc1da59-f571-45bf-95ab-30e2e6580e4f	dd0c6c50-463f-4242-9880-439a7f820e31
7dc1da59-f571-45bf-95ab-30e2e6580e4f	fdef6d4c-b6ec-4e29-993c-e1137d82a09c
7dc1da59-f571-45bf-95ab-30e2e6580e4f	300d2033-b7b1-4fc9-b0de-ee15b4a26193
7dc1da59-f571-45bf-95ab-30e2e6580e4f	c7903750-61f6-4bf7-8de6-d968f4d76406
7dc1da59-f571-45bf-95ab-30e2e6580e4f	7020e81d-b209-4450-8e3e-f20e22b73fdd
fe311ec1-164e-441c-9ab7-c22867c74cf3	b0d0e0c7-e3ee-49ed-89a5-1101bfff9326
fe311ec1-164e-441c-9ab7-c22867c74cf3	396f22a0-264d-4e43-93b4-e26aa2b0e57a
fe311ec1-164e-441c-9ab7-c22867c74cf3	ff14adac-6ccd-4a47-8e09-f44100cb8278
fe311ec1-164e-441c-9ab7-c22867c74cf3	1e1fc3a8-8252-4d91-ad23-93209a36f869
fe311ec1-164e-441c-9ab7-c22867c74cf3	a686270d-aee3-43bb-9150-6d8cdcb8292f
fe311ec1-164e-441c-9ab7-c22867c74cf3	b19f5442-924a-4320-b34a-8bc29320ba53
e517762d-93d2-4748-8353-f596cf1df272	acc2d98f-6074-4671-9e73-e43872320dca
e517762d-93d2-4748-8353-f596cf1df272	c3bdf8b4-744d-4a53-a8ad-b6cfa55c1c4b
e517762d-93d2-4748-8353-f596cf1df272	1e4beb42-cc16-439e-b32e-a6e6569bed31
e517762d-93d2-4748-8353-f596cf1df272	7d5758fa-f72c-4238-ba88-796716d63c62
e517762d-93d2-4748-8353-f596cf1df272	2bb146cf-8466-4b5a-9156-eaa5be951a5a
11445d76-b656-43de-86b3-6bcbb3cb4928	02ce2992-e696-4f6c-88ba-bd3308c98667
11445d76-b656-43de-86b3-6bcbb3cb4928	56713437-e607-4db4-aa89-f5634c642ea9
11445d76-b656-43de-86b3-6bcbb3cb4928	5228f45d-28e2-459f-a698-303db6b29606
11445d76-b656-43de-86b3-6bcbb3cb4928	2712459f-89c4-4832-9b4d-8bfb7c68f77f
11445d76-b656-43de-86b3-6bcbb3cb4928	bcad66f5-82ba-4623-abf7-03f9d12a1886
375c342f-5082-46c7-be19-b769d1470086	bf2485fa-08cd-4647-baa5-ea367b7a6300
375c342f-5082-46c7-be19-b769d1470086	84692128-e9d6-4273-8822-bfb81e29829c
375c342f-5082-46c7-be19-b769d1470086	66356361-3df4-4db7-9444-dc814fdf7c2d
375c342f-5082-46c7-be19-b769d1470086	aa455a64-20d2-424d-b508-2b4ee94fdd20
375c342f-5082-46c7-be19-b769d1470086	24912aff-549d-4ac6-b983-bf62b9101c54
dd0917aa-1ba8-4e83-a6f4-095d3036737e	669281c0-855e-44b0-a006-fc500e121f6e
dd0917aa-1ba8-4e83-a6f4-095d3036737e	e7c306c2-f95a-4211-bd1e-e4845cf73582
dd0917aa-1ba8-4e83-a6f4-095d3036737e	caa83369-04e5-4f2a-96a1-1a04563299be
dd0917aa-1ba8-4e83-a6f4-095d3036737e	fe2d7c4f-b041-4dab-b5ed-a02bac2cdfbf
dd0917aa-1ba8-4e83-a6f4-095d3036737e	32ae8a79-d3b6-478b-b3d9-f179de64a9e9
014ce26f-14ac-4df5-b802-8c4905629b53	dcf0c87e-c705-4d47-9244-2dca8ffd5e95
014ce26f-14ac-4df5-b802-8c4905629b53	459490ff-9548-4103-84ef-081287bdb3c5
014ce26f-14ac-4df5-b802-8c4905629b53	fbf4921e-9999-46ce-ab60-a953fb3109be
014ce26f-14ac-4df5-b802-8c4905629b53	93bdf66f-0900-4963-9889-d91d3ddb98fd
014ce26f-14ac-4df5-b802-8c4905629b53	0ddbb868-6ce1-4d8d-969a-14df385dac35
964c17b3-0eb8-46b9-82a7-bf9125c2d836	1458ae7b-0a1e-4a11-b24e-0190bd45a254
964c17b3-0eb8-46b9-82a7-bf9125c2d836	1317f396-6ee5-4036-a203-b3fdf16e88f1
964c17b3-0eb8-46b9-82a7-bf9125c2d836	e10c8318-cce0-4974-bff9-01abea2a6440
964c17b3-0eb8-46b9-82a7-bf9125c2d836	4120bc2d-f05b-4645-9dd4-b5d3cecee9c1
964c17b3-0eb8-46b9-82a7-bf9125c2d836	ea852993-d3c4-4588-b3e0-3661543bc3fc
964c17b3-0eb8-46b9-82a7-bf9125c2d836	7c018157-4e9a-4b96-8f51-d0ff71c4a8c8
964c17b3-0eb8-46b9-82a7-bf9125c2d836	5888a9a9-d680-4d32-9296-1f07e12bef78
0d55e093-2f1f-41ba-b4bd-8353eb219557	83d06e6d-1c64-4ab1-92dc-a1f77282b226
0d55e093-2f1f-41ba-b4bd-8353eb219557	f0db181e-f4e2-4703-89a5-a333534c7721
0d55e093-2f1f-41ba-b4bd-8353eb219557	622928e5-b811-4b93-a832-17422025b45a
0d55e093-2f1f-41ba-b4bd-8353eb219557	e17fbd4a-beea-4b87-a9ff-4057deb0618e
0d55e093-2f1f-41ba-b4bd-8353eb219557	a0b2691c-37a5-4ce9-8e5d-ad795e0c5de0
0d55e093-2f1f-41ba-b4bd-8353eb219557	311eaa2a-9cbf-4a17-836e-a0a8144f6db3
0d55e093-2f1f-41ba-b4bd-8353eb219557	646e0433-2d7f-43c0-8966-c9460adda624
df8d9498-ae55-4c9e-ab45-3779b74c43f3	e03cccce-6835-48f5-9bc5-2f31a1c081e2
df8d9498-ae55-4c9e-ab45-3779b74c43f3	89a0e495-0d38-4ce3-b507-a0d1fe09a6da
df8d9498-ae55-4c9e-ab45-3779b74c43f3	142f40de-d834-49e0-b1fa-1b2ee7a4dc73
df8d9498-ae55-4c9e-ab45-3779b74c43f3	b8f25a82-d627-42ea-a410-6a80e11ab41f
df8d9498-ae55-4c9e-ab45-3779b74c43f3	c39e9f83-8676-4ae3-8e20-0bd9111a03f4
df8d9498-ae55-4c9e-ab45-3779b74c43f3	665d08c0-616d-4408-b553-86573371ed5b
df8d9498-ae55-4c9e-ab45-3779b74c43f3	9f3b2184-294a-4cc7-bd0c-ab5600c4d46d
3ae58b0c-207b-4ad0-97ef-1045a44d1b82	868a6637-be84-400b-826a-73f0397de981
3ae58b0c-207b-4ad0-97ef-1045a44d1b82	cfbd5f54-cf40-4198-845a-0b82fb10ee34
3ae58b0c-207b-4ad0-97ef-1045a44d1b82	2c365bbb-7155-45f9-a400-bfaa1afb0051
3ae58b0c-207b-4ad0-97ef-1045a44d1b82	f9d35627-0889-4592-8a4d-d5e74843b915
3ae58b0c-207b-4ad0-97ef-1045a44d1b82	25426543-7f3e-42e6-aaee-2fa60701dd1c
3ae58b0c-207b-4ad0-97ef-1045a44d1b82	048b1c9f-9c39-4995-af56-4ec0251b02b5
3ae58b0c-207b-4ad0-97ef-1045a44d1b82	6fdd4c75-3648-4ccb-8be3-620e59b01c06
00fb4788-ff41-4afb-9752-8f0b8340d920	ac63816d-cc86-4049-901d-aa742ba7ea35
00fb4788-ff41-4afb-9752-8f0b8340d920	e08c1c72-378b-4085-9493-d62765a965b9
00fb4788-ff41-4afb-9752-8f0b8340d920	d61f5f71-9941-4c8b-b644-1c83ad5907c0
00fb4788-ff41-4afb-9752-8f0b8340d920	3d06f059-4be3-4a8a-8d0c-2e09e721fa7b
00fb4788-ff41-4afb-9752-8f0b8340d920	e08ca4c0-a470-4352-8685-25cd37c56cfc
00fb4788-ff41-4afb-9752-8f0b8340d920	3f8e20ad-eff8-48eb-b7df-f74c645017be
00fb4788-ff41-4afb-9752-8f0b8340d920	6fc4473f-87eb-46d4-9083-effc995fdffd
00fb4788-ff41-4afb-9752-8f0b8340d920	93e74179-a4ba-449f-91d0-468a7b84daa4
00fb4788-ff41-4afb-9752-8f0b8340d920	85663d7a-75b5-4d9f-8e44-d5ab03f6ea99
df427686-5ede-44d3-9b31-bc9d1298f220	f089b500-cafd-41f7-947d-51f7fa76bf2d
df427686-5ede-44d3-9b31-bc9d1298f220	6174b56e-242e-4884-9b11-958d24c0c318
df427686-5ede-44d3-9b31-bc9d1298f220	e9f2b1bb-2738-4d1f-892f-45b575c8b0b9
df427686-5ede-44d3-9b31-bc9d1298f220	b402d46a-8dae-41e1-bc43-ade58e393206
df427686-5ede-44d3-9b31-bc9d1298f220	65091908-d722-4253-a90e-36a58b308694
df427686-5ede-44d3-9b31-bc9d1298f220	37ef92d5-823d-455a-8966-24fd8cc284af
df427686-5ede-44d3-9b31-bc9d1298f220	bf924465-064b-4ad7-b482-03e0daff3a10
df427686-5ede-44d3-9b31-bc9d1298f220	3260786c-0a8f-4bb3-ad47-8b46fbd1350b
df427686-5ede-44d3-9b31-bc9d1298f220	11483ea4-bf9e-4efa-9e9a-e7c6b8103611
c212cd84-a4f4-45e2-9ce2-962b8332111f	104428ee-8d2e-4d20-a122-93fd6195bb24
c212cd84-a4f4-45e2-9ce2-962b8332111f	ee67c5fe-322b-4173-a65d-7c02c37af197
c212cd84-a4f4-45e2-9ce2-962b8332111f	95995c3f-34ea-407a-9e6a-4ee9f2528947
c212cd84-a4f4-45e2-9ce2-962b8332111f	be5bbd6d-b03e-4e49-afd7-13a1f2e991f1
c212cd84-a4f4-45e2-9ce2-962b8332111f	09fe20eb-e63d-4db7-91ed-77994b15a457
c212cd84-a4f4-45e2-9ce2-962b8332111f	3b85f794-79ed-4a73-a029-cd7f61fde2ab
c212cd84-a4f4-45e2-9ce2-962b8332111f	3462d91e-e073-4c4e-91b4-f986b8d6aa53
c212cd84-a4f4-45e2-9ce2-962b8332111f	479c2048-e1f4-493e-957a-226490cce36d
c212cd84-a4f4-45e2-9ce2-962b8332111f	38373ab5-d56c-4f75-868d-d0a7dc0d7027
c212cd84-a4f4-45e2-9ce2-962b8332111f	e04235a4-a85d-4834-be2d-cbc5125b7fb0
efe6a84b-2c1e-4334-abbf-1acdfdfa2028	339ebb97-ab8b-4180-baf3-36b109b5c3e6
efe6a84b-2c1e-4334-abbf-1acdfdfa2028	58b357ed-d4c3-4d2d-98aa-075fc4720410
efe6a84b-2c1e-4334-abbf-1acdfdfa2028	ba7e0432-9c4f-4545-be49-9e378a14306a
efe6a84b-2c1e-4334-abbf-1acdfdfa2028	688966a9-6061-451e-9e3f-ce8f596e8dda
efe6a84b-2c1e-4334-abbf-1acdfdfa2028	9ad68e87-c046-428f-b19a-6c7ee60c9369
efe6a84b-2c1e-4334-abbf-1acdfdfa2028	d44d3322-78a3-4412-a359-38fbbb22384d
efe6a84b-2c1e-4334-abbf-1acdfdfa2028	ccceed8a-6c52-4610-a469-bf90e414d85c
efe6a84b-2c1e-4334-abbf-1acdfdfa2028	d1388407-fcf4-47f1-a0ab-12e8d3dc3195
efe6a84b-2c1e-4334-abbf-1acdfdfa2028	8d524a10-21de-4941-8cbd-dcc60f24f2e2
efe6a84b-2c1e-4334-abbf-1acdfdfa2028	af2ecdf4-a045-4ab3-bbd2-7a041e12bcbe
e94b2114-a079-4c71-81ea-f253914112fb	cc4bc07b-15c3-4987-b8e4-e8b2f2fe3398
e94b2114-a079-4c71-81ea-f253914112fb	185fcc96-ed71-49db-9de5-958779d2ef9b
e94b2114-a079-4c71-81ea-f253914112fb	f82d10f5-34fd-4668-a0aa-b5196da4a81d
e94b2114-a079-4c71-81ea-f253914112fb	f48015da-e260-4be1-9165-1a89b57164e8
e94b2114-a079-4c71-81ea-f253914112fb	b42165a1-f288-450e-862c-07c344ce96c2
e94b2114-a079-4c71-81ea-f253914112fb	b0027c72-1742-407a-8891-6cd475626d07
e94b2114-a079-4c71-81ea-f253914112fb	9b3b05fb-2adf-44a0-a531-67118a3d95eb
e94b2114-a079-4c71-81ea-f253914112fb	97f953f5-8560-4585-8d59-8e825c934c12
e94b2114-a079-4c71-81ea-f253914112fb	9915d7ed-48b8-4ec3-91f1-3219d1abdd35
e94b2114-a079-4c71-81ea-f253914112fb	53b33986-cfa0-45eb-a3be-0f45a06bf2f5
3af46527-cecf-4768-a6d0-b03f0ce9ddac	af92f9c6-4cc3-46c6-a283-ddc26907a68d
3af46527-cecf-4768-a6d0-b03f0ce9ddac	147ebe0d-a8f8-47da-a217-756029fbb97e
3af46527-cecf-4768-a6d0-b03f0ce9ddac	04472a2c-1c4a-4928-878e-6ffac6ccd31f
87587ac3-301f-4fca-ac57-90ff342040ec	3881e9fa-ee6e-4498-ae83-7b3df671bf37
87587ac3-301f-4fca-ac57-90ff342040ec	d8ffa39e-2fdf-4f80-85c7-ffb507e2e55a
87587ac3-301f-4fca-ac57-90ff342040ec	362e792a-af0d-4220-9ecc-3b6c0b68f1d1
87587ac3-301f-4fca-ac57-90ff342040ec	e2e3233c-7f9a-4e88-b884-5f8f642b8af2
87587ac3-301f-4fca-ac57-90ff342040ec	796e5efe-d310-4631-b5a1-6fe484309c40
a04e1429-6ae3-48b8-a961-a78d897c9eb0	fcb73619-0e30-4e62-812a-6431b868d1a0
a04e1429-6ae3-48b8-a961-a78d897c9eb0	61c159e1-13de-4497-9135-97e161b57fb6
a04e1429-6ae3-48b8-a961-a78d897c9eb0	b929dd5f-c994-4833-9d98-62e193048743
a04e1429-6ae3-48b8-a961-a78d897c9eb0	ab60ebf2-c558-4f88-a16e-f5c9231ae135
a04e1429-6ae3-48b8-a961-a78d897c9eb0	809df471-2f5c-4b73-85d4-5289e5b4929a
a04e1429-6ae3-48b8-a961-a78d897c9eb0	0ef05171-f515-4a47-85a1-4dd8fba05bc5
c9b790a8-ebb8-482d-a106-5616e2addd32	2d87b4d7-7f55-4d66-90c3-25ec2f518bcb
c9b790a8-ebb8-482d-a106-5616e2addd32	85e09424-05d0-4e8c-9467-00956300d1c5
c9b790a8-ebb8-482d-a106-5616e2addd32	6dbaa017-3e87-4789-a98c-071467bcb562
c9b790a8-ebb8-482d-a106-5616e2addd32	b73af4ed-f352-4ac4-b1b4-6e09c35e522c
c9b790a8-ebb8-482d-a106-5616e2addd32	5fd37708-8362-4462-8fde-b19ea9c3d4fd
ef26f0c4-be07-42a8-a7a3-42f8d96154d2	454f2f7b-0d0a-49f0-a308-f00a56faac4f
ef26f0c4-be07-42a8-a7a3-42f8d96154d2	a8d821b0-c802-4108-a2c2-4d7fff5d4858
ef26f0c4-be07-42a8-a7a3-42f8d96154d2	f48b6b27-b371-4ba5-bda0-53134c8c1c20
ef26f0c4-be07-42a8-a7a3-42f8d96154d2	705b97ac-f9ab-4421-9b70-c6a064b5470f
ef26f0c4-be07-42a8-a7a3-42f8d96154d2	f256988f-36eb-4bb2-a7b7-827553e3f4d4
ef26f0c4-be07-42a8-a7a3-42f8d96154d2	167977a8-15d7-4eed-af1f-a1766dab0535
ef26f0c4-be07-42a8-a7a3-42f8d96154d2	f92a8ce7-c71e-4458-8cc2-48c51da44500
6721922a-627c-497d-ba99-2e53ddb9eeb3	9f9fe3b0-00e3-4de1-81a6-7129b6639997
6721922a-627c-497d-ba99-2e53ddb9eeb3	48a1c7fe-8410-4dd7-a057-0768badcfa57
6721922a-627c-497d-ba99-2e53ddb9eeb3	bbd59ac1-07b5-4a4d-baf1-b6f707678729
6721922a-627c-497d-ba99-2e53ddb9eeb3	ea4c1aa1-10f2-4675-8a68-f76a031eff6d
6721922a-627c-497d-ba99-2e53ddb9eeb3	b8539d5a-7b3a-4b3d-af5c-5da7a9856818
6721922a-627c-497d-ba99-2e53ddb9eeb3	037ca1e9-b4c5-4b5a-b9e3-3a25cacc5c40
6721922a-627c-497d-ba99-2e53ddb9eeb3	d3a9a815-3da8-47e1-b574-2d8f38e58c47
51aa194f-f8f4-4bfd-bd12-0364fa9dfe90	aac2ff98-fbb2-4c9f-b690-ed11c11ccde3
51aa194f-f8f4-4bfd-bd12-0364fa9dfe90	878535e7-7676-49bf-bcf4-0532327e0a07
51aa194f-f8f4-4bfd-bd12-0364fa9dfe90	2e989de3-ed31-4f2a-98c0-ad9e295578dc
51aa194f-f8f4-4bfd-bd12-0364fa9dfe90	ad291201-625f-473d-a5c2-708ac1677fea
51aa194f-f8f4-4bfd-bd12-0364fa9dfe90	b2531e2e-b0bc-4ca1-99bb-5aabffe37dce
51aa194f-f8f4-4bfd-bd12-0364fa9dfe90	c4e3041a-5f8b-46a4-80ec-07747734b0c4
51aa194f-f8f4-4bfd-bd12-0364fa9dfe90	1cad2d08-e4af-479e-9337-7254f727cb31
e2810805-346b-4d9a-b960-da66987e4b42	d7740d51-508e-49b7-b917-b2b3927404ac
e2810805-346b-4d9a-b960-da66987e4b42	3767b4e8-49e4-45fe-afcb-65bf7c1cb5a5
e2810805-346b-4d9a-b960-da66987e4b42	de4b7443-8498-4e85-ab0f-4ce808e1ca2a
e2810805-346b-4d9a-b960-da66987e4b42	f6dd00f8-79bb-46aa-8d81-d2316e149516
e2810805-346b-4d9a-b960-da66987e4b42	2a0cdb4f-7d80-43eb-addd-2d969ee87e94
e2810805-346b-4d9a-b960-da66987e4b42	e25301f5-c5d2-4cd1-a252-baa4e038adb1
e2810805-346b-4d9a-b960-da66987e4b42	30535503-7943-437f-8202-44f3f23f6808
b19e8551-4777-42d7-8b4c-fca7a1ac2a6e	3d04774b-b88b-420e-837c-8f2b5716b76f
b19e8551-4777-42d7-8b4c-fca7a1ac2a6e	fdce4ffc-63ee-4a3b-9340-20f57ee26de4
b19e8551-4777-42d7-8b4c-fca7a1ac2a6e	cdd9f55b-dd52-4055-9697-d96721451e2e
b19e8551-4777-42d7-8b4c-fca7a1ac2a6e	1212f802-4ef0-4576-b3a2-20ab664ba7b3
b19e8551-4777-42d7-8b4c-fca7a1ac2a6e	acbc2d30-5b68-493a-97d0-1dd9f4bc689e
b19e8551-4777-42d7-8b4c-fca7a1ac2a6e	cbe20050-bbda-447c-97bf-d64dc4bcb92d
b19e8551-4777-42d7-8b4c-fca7a1ac2a6e	fd58e872-ffc2-41dc-8e52-0506076e9b8c
11bced9b-d3d1-4926-9eaa-5ca4083f2412	06c780a1-e6aa-4a99-8dc9-c9bbd1a91252
11bced9b-d3d1-4926-9eaa-5ca4083f2412	406c1024-922a-4df2-9b6f-93d968ee7135
11bced9b-d3d1-4926-9eaa-5ca4083f2412	2341c660-c740-4ff1-b849-6f6c269adfac
11bced9b-d3d1-4926-9eaa-5ca4083f2412	f8b7ca2c-427c-4b2a-bdbd-aa8819710451
11bced9b-d3d1-4926-9eaa-5ca4083f2412	39f95566-1dd5-4228-b6af-10d2eb45e107
11bced9b-d3d1-4926-9eaa-5ca4083f2412	db31f103-31f3-46ee-9bda-66246dc3023a
11bced9b-d3d1-4926-9eaa-5ca4083f2412	f0d34dae-d601-4222-9aa4-eec21319665f
fc6da6dd-370a-45fe-bb31-68147f9b9f03	63b27175-44a3-4acd-8938-90267fb76a17
fc6da6dd-370a-45fe-bb31-68147f9b9f03	865d6267-eec7-414a-9a3a-c55d2b8f3600
fc6da6dd-370a-45fe-bb31-68147f9b9f03	91501ccd-026f-4e83-8967-6f2180f6fadc
fc6da6dd-370a-45fe-bb31-68147f9b9f03	0d2a9e07-0fe2-4820-af45-32954eed217c
fc6da6dd-370a-45fe-bb31-68147f9b9f03	bfac4703-7bfd-455a-bca9-fdaa4efc76c6
fc6da6dd-370a-45fe-bb31-68147f9b9f03	09515d62-2eb6-45eb-be18-0000bbef16e8
fc6da6dd-370a-45fe-bb31-68147f9b9f03	9cab55de-3277-4d7c-8151-02ee0d35edae
fc6da6dd-370a-45fe-bb31-68147f9b9f03	1ad7fe19-d37c-488b-bb50-1b96261eeb81
fb209532-63b8-4f32-bc86-dfbb72666958	1e6a2db4-caa3-4d77-bb8e-23e9315bc14a
fb209532-63b8-4f32-bc86-dfbb72666958	84ccad88-bf03-4bf0-970f-6c29fb4fa3c9
fb209532-63b8-4f32-bc86-dfbb72666958	e64d52f1-60c8-4c03-b3ad-3185e80864de
fb209532-63b8-4f32-bc86-dfbb72666958	77f036d6-beb7-4139-9285-732ea3e083ec
fb209532-63b8-4f32-bc86-dfbb72666958	13f50d55-c929-4610-9ad8-7cf0fd6e56ff
fb209532-63b8-4f32-bc86-dfbb72666958	5c20b011-b570-462d-9b2a-12c854433ddd
fb209532-63b8-4f32-bc86-dfbb72666958	c4ef4d57-2c71-43dc-abf2-4b9ecffd7491
fb209532-63b8-4f32-bc86-dfbb72666958	5b1ef60f-7bea-450f-8829-dc54b0526159
983f3ce9-f983-4b03-8eb2-403cf37e9d26	c7e47e6f-b5d0-4d19-9ad3-b4882b316438
983f3ce9-f983-4b03-8eb2-403cf37e9d26	fa46e150-7710-41a2-8d5c-80b1337e8bf9
983f3ce9-f983-4b03-8eb2-403cf37e9d26	e0910b3d-b989-487f-b2a8-843ed78f8c8a
983f3ce9-f983-4b03-8eb2-403cf37e9d26	c1799e01-440b-459c-a49b-7316e63324f4
983f3ce9-f983-4b03-8eb2-403cf37e9d26	aab55ade-5889-43e0-8925-163a9b0d6bb5
983f3ce9-f983-4b03-8eb2-403cf37e9d26	62f93fc4-fc40-43d9-b963-0c4352bcc506
983f3ce9-f983-4b03-8eb2-403cf37e9d26	50016e4e-3fd3-4656-bf5a-ba2a2b79a25c
983f3ce9-f983-4b03-8eb2-403cf37e9d26	19c89ae3-375e-4e30-b4b8-4cfbe2ca21e7
c106ad4d-e410-402a-be3f-e660eaf8fa8a	ce555c07-4255-4e2a-84fc-362c657b2d2f
c106ad4d-e410-402a-be3f-e660eaf8fa8a	47b41f2d-3d0d-4e40-ab77-158aeeb4071b
c106ad4d-e410-402a-be3f-e660eaf8fa8a	98e0209a-5f27-4d64-9cb1-526398e961bc
c106ad4d-e410-402a-be3f-e660eaf8fa8a	9585d485-1503-42a6-ba69-522e4fed0c61
c106ad4d-e410-402a-be3f-e660eaf8fa8a	ba3e92f7-35b5-4290-96fe-9b2a6dba684c
c106ad4d-e410-402a-be3f-e660eaf8fa8a	50fab2e9-9a15-4bc8-a166-60f4851aa4c8
c106ad4d-e410-402a-be3f-e660eaf8fa8a	08200d29-a4fa-45d5-9041-b2488d37cfc1
c106ad4d-e410-402a-be3f-e660eaf8fa8a	93e9ae66-7b9f-43e2-8774-b623116b6489
c106ad4d-e410-402a-be3f-e660eaf8fa8a	a9647144-2029-4e3f-a1d5-ef1f4ede3d68
2b838895-1006-4d0d-8430-881facb176c1	9f42aec7-cf18-4890-b2fe-32461f8d6280
2b838895-1006-4d0d-8430-881facb176c1	ba89549b-170c-4fb3-bced-a671726570ce
2b838895-1006-4d0d-8430-881facb176c1	8e91ad38-8281-4ac9-bce0-e57538bb05c1
2b838895-1006-4d0d-8430-881facb176c1	8e1d905b-2ec3-4b89-8d3e-2225acf28337
2b838895-1006-4d0d-8430-881facb176c1	5edff841-f557-459d-8cca-aa7903935786
2b838895-1006-4d0d-8430-881facb176c1	31c8f1b9-190d-4775-80b5-1db5c330e887
2b838895-1006-4d0d-8430-881facb176c1	ea7f1f09-4921-418a-b86b-dfd4451998ac
2b838895-1006-4d0d-8430-881facb176c1	1369e387-b8a1-4459-a015-4a7840649b5f
14c1e016-9d0c-4f5d-b763-cddee3b7f235	1ea2fc8b-7e1a-45d3-9f9b-93f8ffe1726a
14c1e016-9d0c-4f5d-b763-cddee3b7f235	d0e490ce-6504-4f79-8e18-ca7c3e03be03
14c1e016-9d0c-4f5d-b763-cddee3b7f235	e69455d1-ac19-4c23-ad5f-17bfcdaef5ff
14c1e016-9d0c-4f5d-b763-cddee3b7f235	45c70b92-8e56-4a21-a699-40df389bca8a
14c1e016-9d0c-4f5d-b763-cddee3b7f235	22ec394f-17aa-4839-a8de-a1dc88b1db21
14c1e016-9d0c-4f5d-b763-cddee3b7f235	cb67ef06-2742-4637-affe-9fd53fb5bd71
14c1e016-9d0c-4f5d-b763-cddee3b7f235	491b697f-da97-4873-b0d9-254a3670be95
14c1e016-9d0c-4f5d-b763-cddee3b7f235	3a4f9857-fc66-42e4-ab05-8b5eb1fa8bbe
14c1e016-9d0c-4f5d-b763-cddee3b7f235	2f1ea484-6887-47fd-83d0-c20724fc557b
14c1e016-9d0c-4f5d-b763-cddee3b7f235	034f853c-caa3-4129-96dc-0544c1c61483
e55d8a00-17b8-4395-ab85-c4b100a33062	edb7835b-371e-4274-be8b-43c5924b03ed
e55d8a00-17b8-4395-ab85-c4b100a33062	c58be006-4998-48ef-b7cc-b52d604f5de9
e55d8a00-17b8-4395-ab85-c4b100a33062	5b076d4d-1daa-4280-b4cd-efac2510e4b5
e55d8a00-17b8-4395-ab85-c4b100a33062	09a4f459-47d6-4914-86cd-114730b7ea0f
e55d8a00-17b8-4395-ab85-c4b100a33062	27832c46-72eb-42be-8a4b-b3b8295569d7
e55d8a00-17b8-4395-ab85-c4b100a33062	4b5c4fec-f999-4e06-8b97-422454240bb4
e55d8a00-17b8-4395-ab85-c4b100a33062	1022ff95-3a08-4b01-8db1-72f18ad45a10
e55d8a00-17b8-4395-ab85-c4b100a33062	1110b8cf-667f-4491-a370-5276003a4ab4
e55d8a00-17b8-4395-ab85-c4b100a33062	ff7c0324-f9fe-46ba-b490-48851c812e2f
e55d8a00-17b8-4395-ab85-c4b100a33062	9fb5dd87-4016-4fbf-a7f3-ba86061ec0d2
366594ba-8be7-4a3f-b79d-87b814540483	dcbf89ea-17b8-4370-bb73-dea468403b89
366594ba-8be7-4a3f-b79d-87b814540483	d8fa6f07-788a-403a-9378-8af50c83e0d8
366594ba-8be7-4a3f-b79d-87b814540483	159509fe-4f6e-456b-be3c-218adb415218
903ea9af-fcff-4374-a401-b029abcd8663	f091ae73-5872-4467-89c4-395814a8765a
903ea9af-fcff-4374-a401-b029abcd8663	70450933-746a-404c-ba2a-3c288d3107c6
903ea9af-fcff-4374-a401-b029abcd8663	f926b85c-260e-4a47-9df1-714f78a062d3
903ea9af-fcff-4374-a401-b029abcd8663	d879eead-6d2b-4986-8687-f861e0487ce1
69930b6e-7aaa-44d9-84f6-279d601df4e8	e05c7571-d28b-4126-b983-fc85dd93bb20
69930b6e-7aaa-44d9-84f6-279d601df4e8	acb0268a-3577-4cd1-9da2-4682ed78f90a
69930b6e-7aaa-44d9-84f6-279d601df4e8	ca381dc4-b011-4609-af48-7bef64a21261
69930b6e-7aaa-44d9-84f6-279d601df4e8	0a1ea9ae-10e2-482e-b3a6-29b0b914acbc
69930b6e-7aaa-44d9-84f6-279d601df4e8	e3a16ace-da03-4c8d-ab61-9fd7caf62aaa
70f7d351-ee18-4203-893e-3c0ae0875918	399b1336-934f-4311-94f3-013cb4186ba3
70f7d351-ee18-4203-893e-3c0ae0875918	d5627590-09ff-457e-9429-5b07d727cb3a
70f7d351-ee18-4203-893e-3c0ae0875918	c3832810-4ffa-4fed-bef1-761f7e861a1a
70f7d351-ee18-4203-893e-3c0ae0875918	6957e764-7f46-4e38-b918-0af3d6813903
70f7d351-ee18-4203-893e-3c0ae0875918	84b27d4e-b663-4cf7-a9b8-cf1fc899a118
274cc663-2fad-4f30-ad81-dd0164a4f558	f3083e28-5394-415d-a539-77ec87df228b
274cc663-2fad-4f30-ad81-dd0164a4f558	70b0b129-9e3f-48dc-acdb-dfd73e7d9eb5
274cc663-2fad-4f30-ad81-dd0164a4f558	3cb0326d-6474-459f-ad95-5557f48fbb8b
274cc663-2fad-4f30-ad81-dd0164a4f558	aece1600-e21a-44c5-afd5-7ea07e2d5499
274cc663-2fad-4f30-ad81-dd0164a4f558	330e2ad5-c057-4f19-bf3f-2f4efa96910a
274cc663-2fad-4f30-ad81-dd0164a4f558	21da113c-156e-4793-bffe-6d2d11307b47
859d3ccb-a100-4752-a233-f10400287750	b26ca185-13a9-4b67-b922-56304e3ce6da
859d3ccb-a100-4752-a233-f10400287750	7490f82c-eeb7-4e46-8a81-6e182e108cba
859d3ccb-a100-4752-a233-f10400287750	803e5d7c-92f6-42a4-b9e1-1a8e04577932
859d3ccb-a100-4752-a233-f10400287750	74fd7210-3f22-4173-8983-7e1ba030593c
859d3ccb-a100-4752-a233-f10400287750	eb73eec8-2ed6-4417-8540-e6511b53b8cf
859d3ccb-a100-4752-a233-f10400287750	a7dc53e9-50c1-4618-8cbd-cc514b606203
10633cea-40c8-464a-9d1e-b7b0d643cd96	dd31c2b6-2116-41d9-8cd6-54736dc548d7
10633cea-40c8-464a-9d1e-b7b0d643cd96	ec5ab394-2aaa-463e-84f0-c9ef788ea378
10633cea-40c8-464a-9d1e-b7b0d643cd96	71955b99-9ea6-44ce-ab54-039b81b474a1
10633cea-40c8-464a-9d1e-b7b0d643cd96	05534cd3-e0cb-459e-bcbe-3d61486901a3
10633cea-40c8-464a-9d1e-b7b0d643cd96	16f58969-e449-4254-bab6-3b2115921f05
10633cea-40c8-464a-9d1e-b7b0d643cd96	c9d4a57f-5cba-4fe7-b305-2a518b47dfeb
a295268c-7e40-4494-94d4-c4de61ce4c6c	f4e26166-35fa-4136-a58d-5e838c0eab8f
a295268c-7e40-4494-94d4-c4de61ce4c6c	f3acbfb6-09f7-40ec-8f4a-819fef04ff5d
a295268c-7e40-4494-94d4-c4de61ce4c6c	422ad5b3-4432-40f4-9dc9-8c4e78269bd8
a295268c-7e40-4494-94d4-c4de61ce4c6c	e0e9e042-a81e-4020-a9f7-b679a7648ae8
a295268c-7e40-4494-94d4-c4de61ce4c6c	86a0aa49-7e03-43f7-a551-714f8651d517
a295268c-7e40-4494-94d4-c4de61ce4c6c	c9e2ab1d-9bcb-4d9e-8c3b-5a21a39a4eba
a295268c-7e40-4494-94d4-c4de61ce4c6c	ef1d120b-c822-4c75-8f8a-e40d2a02e30d
dc403048-8897-4aa4-9428-38f2e87b53ad	6abfd496-2636-4bab-a66c-c08f1a3ae2c9
dc403048-8897-4aa4-9428-38f2e87b53ad	8689b535-ab19-4fc3-b285-b5c99453c8d1
dc403048-8897-4aa4-9428-38f2e87b53ad	7045b7b8-449c-4d21-a538-f5761a1bcfd3
dc403048-8897-4aa4-9428-38f2e87b53ad	d6845e35-dac7-4323-b701-8613982e5e38
dc403048-8897-4aa4-9428-38f2e87b53ad	04ce79c1-c90f-4643-81a7-222486850208
dc403048-8897-4aa4-9428-38f2e87b53ad	75e08871-6adb-4df8-bf6d-2e53b19fd3d8
dc403048-8897-4aa4-9428-38f2e87b53ad	bf25fae6-a21b-4ba9-9112-47f8b2668f60
9722fee0-2ce5-4eb0-8571-dd6ea45113b0	b4e43863-5fdf-42d1-9656-44f9bd1a3383
9722fee0-2ce5-4eb0-8571-dd6ea45113b0	441d0622-dc86-4320-9b93-d4ff414d3231
9722fee0-2ce5-4eb0-8571-dd6ea45113b0	95cf8feb-06b6-47bb-9c70-6b04bc688e28
9722fee0-2ce5-4eb0-8571-dd6ea45113b0	0b36bdcc-593b-4ef7-9176-2280354cb78d
9722fee0-2ce5-4eb0-8571-dd6ea45113b0	63e3703a-a1e7-4ece-82d6-8283fcae0c5e
9722fee0-2ce5-4eb0-8571-dd6ea45113b0	d721c523-b275-4fde-b5db-d31cc78149e8
9722fee0-2ce5-4eb0-8571-dd6ea45113b0	40091e86-11ed-4b02-8eb7-04cbf21745e4
6a7d47f4-a20e-46fa-8d8c-21d8f8acf111	b8266965-de5f-43cc-ae11-7ae2963fb30a
6a7d47f4-a20e-46fa-8d8c-21d8f8acf111	1e0c09ef-0ebb-4774-9b06-d827d4373d98
6a7d47f4-a20e-46fa-8d8c-21d8f8acf111	96240592-3b65-4adc-8a8c-8e1692fbbf86
6a7d47f4-a20e-46fa-8d8c-21d8f8acf111	741a91d0-acd5-48c3-bfe9-0aeeeba1ed86
6a7d47f4-a20e-46fa-8d8c-21d8f8acf111	c0383c40-5125-4131-8f40-b1690eca9b26
6a7d47f4-a20e-46fa-8d8c-21d8f8acf111	8c1a3336-35d1-4b95-a2c7-52ba12536e7a
6a7d47f4-a20e-46fa-8d8c-21d8f8acf111	8610ad24-36cc-4810-aa65-a90e551f9003
6a7d47f4-a20e-46fa-8d8c-21d8f8acf111	2836ab38-1bcc-403b-91af-5fddcf6802a5
b8a007e5-60a0-4fe7-b5f1-ae0d5a6fe5bc	0356129b-7ec5-4697-96b2-257dd722e523
b8a007e5-60a0-4fe7-b5f1-ae0d5a6fe5bc	41dac26a-7336-422d-bd75-21efbac7500b
b8a007e5-60a0-4fe7-b5f1-ae0d5a6fe5bc	55656258-336c-46c1-9787-b0f8bdb3a2da
b8a007e5-60a0-4fe7-b5f1-ae0d5a6fe5bc	3bc4ebbf-27f5-4aa8-a637-700af9c99c9a
b8a007e5-60a0-4fe7-b5f1-ae0d5a6fe5bc	2fe66690-6cd3-4611-bb23-9703d538a769
b8a007e5-60a0-4fe7-b5f1-ae0d5a6fe5bc	acea2628-46c2-4825-9d36-88f650edd8e2
b8a007e5-60a0-4fe7-b5f1-ae0d5a6fe5bc	b6b8f530-ee54-45a5-9984-76b88634946b
b8a007e5-60a0-4fe7-b5f1-ae0d5a6fe5bc	6ab32fe7-c35b-4084-9a24-5a0ccca120e2
b8a007e5-60a0-4fe7-b5f1-ae0d5a6fe5bc	0bdf474d-b9a2-4ad5-8a5e-01dd9b1a9d86
d3a98889-3bd2-4c39-be89-a25b4b2a7ec0	b370528a-910b-44aa-84ab-1bea882ab0bf
d3a98889-3bd2-4c39-be89-a25b4b2a7ec0	0915dc42-cc23-4063-8d4b-76cfd6cb5f0e
d3a98889-3bd2-4c39-be89-a25b4b2a7ec0	27f83870-461a-4be7-85a7-0616cc913eab
d3a98889-3bd2-4c39-be89-a25b4b2a7ec0	ce6d998d-bb7f-4aed-b4e6-459c493db048
d3a98889-3bd2-4c39-be89-a25b4b2a7ec0	00ff9416-ce4b-4248-930a-a0f608241dc9
d3a98889-3bd2-4c39-be89-a25b4b2a7ec0	f493be12-e1c4-4cb9-b2ad-9a186fb27476
d3a98889-3bd2-4c39-be89-a25b4b2a7ec0	53f1c346-215d-48cd-8c8a-98cc24c08649
d3a98889-3bd2-4c39-be89-a25b4b2a7ec0	1777fb79-fc43-4cf3-bba7-c96a02c87f3c
2596ad3e-9894-4ad7-98f3-a09d3c87cb11	d5f8706f-e3d9-47cf-895e-9a987e998aef
2596ad3e-9894-4ad7-98f3-a09d3c87cb11	34448c4d-8b37-42e4-93a6-cdccdf143894
2596ad3e-9894-4ad7-98f3-a09d3c87cb11	994af4d9-cfa1-47b1-96d2-5c57532b41cc
2596ad3e-9894-4ad7-98f3-a09d3c87cb11	05928ae4-5a5b-4189-bbad-f31b10c0053b
2596ad3e-9894-4ad7-98f3-a09d3c87cb11	37289e61-df89-40c4-bae3-d814517837f8
2596ad3e-9894-4ad7-98f3-a09d3c87cb11	5027cc55-66ec-4363-a2d5-7688590144d1
2596ad3e-9894-4ad7-98f3-a09d3c87cb11	cdcaf58b-23e9-4914-afb2-4cfbb366e0a5
2596ad3e-9894-4ad7-98f3-a09d3c87cb11	adf61e15-83d4-4a3e-a570-4cc9450f754c
2596ad3e-9894-4ad7-98f3-a09d3c87cb11	3d8c9ee4-b97a-4c35-92b0-2b0b36bb9047
7d3dae7f-cd30-4a98-b135-4b4864e75b25	a730b934-374f-4949-86fc-8b5f7a3a9f71
7d3dae7f-cd30-4a98-b135-4b4864e75b25	4efaa981-1be6-4cb9-8275-7ead785018ea
7d3dae7f-cd30-4a98-b135-4b4864e75b25	4b504139-62e8-4ec2-b836-ff75a6ab28e9
7d3dae7f-cd30-4a98-b135-4b4864e75b25	f5a5c9fa-fc1f-45ee-9059-93ac7cf53b3f
7d3dae7f-cd30-4a98-b135-4b4864e75b25	74139a36-d429-420c-ace3-acadef5c553f
7d3dae7f-cd30-4a98-b135-4b4864e75b25	594ad904-833f-48b4-9bb7-aceef51fc695
7d3dae7f-cd30-4a98-b135-4b4864e75b25	52e5d772-3150-4111-8358-8ea4d49a3da0
7d3dae7f-cd30-4a98-b135-4b4864e75b25	7facf69d-72db-4b09-8b66-056f994d8fcb
935392d5-0636-48f3-8cdb-1ce8a82ceeff	510432c2-01ad-4ab2-95ab-27866be9a594
935392d5-0636-48f3-8cdb-1ce8a82ceeff	06287c0a-59f1-439e-b001-829f4a9d6e9a
935392d5-0636-48f3-8cdb-1ce8a82ceeff	80a5b56d-3cfc-45d8-bedb-bf42a05a1fe6
935392d5-0636-48f3-8cdb-1ce8a82ceeff	28cc7a29-71bf-4161-8886-b1e7b4f06430
935392d5-0636-48f3-8cdb-1ce8a82ceeff	7f3891a8-1f5a-419d-8c93-2ad2e76f1c90
935392d5-0636-48f3-8cdb-1ce8a82ceeff	7dec1c82-e803-45a5-8348-6c36eab085ce
935392d5-0636-48f3-8cdb-1ce8a82ceeff	ef23abac-6bdf-4d8b-b099-12dc7fb364c9
935392d5-0636-48f3-8cdb-1ce8a82ceeff	784d7ef3-230c-4531-bc46-3fa74a607a95
935392d5-0636-48f3-8cdb-1ce8a82ceeff	cc96b011-062e-419f-b957-fc654c8262c3
66a0325e-b041-4a50-a47f-68dbe045a95a	8e8c4f93-40d1-4471-ab2f-914ab3846431
66a0325e-b041-4a50-a47f-68dbe045a95a	d744fcb0-c5fc-426b-ac1f-1977f5dbe727
66a0325e-b041-4a50-a47f-68dbe045a95a	f05ce819-d55a-4dd4-8b15-f68c2122d04c
66a0325e-b041-4a50-a47f-68dbe045a95a	9aac9216-6de4-40c7-946d-08503a54770e
66a0325e-b041-4a50-a47f-68dbe045a95a	8243a200-03c2-4876-9a33-eb3aad49e0c6
66a0325e-b041-4a50-a47f-68dbe045a95a	6ac65d74-274f-48b3-bc58-26f0f731dfa9
66a0325e-b041-4a50-a47f-68dbe045a95a	03450b32-eedc-480c-9b9b-3a8e049cfa41
66a0325e-b041-4a50-a47f-68dbe045a95a	715943da-02cd-42c0-a582-f75f55362db5
66a0325e-b041-4a50-a47f-68dbe045a95a	49ab2035-b3cd-4b8e-a766-eef0ae05ea07
66a0325e-b041-4a50-a47f-68dbe045a95a	737ef8b8-1ab4-4237-9428-e067b6ee6879
286ac730-9775-434c-905c-b974a20d0b81	98daabc5-e871-4d05-94da-1298f5c0927d
286ac730-9775-434c-905c-b974a20d0b81	aaa7fde6-50c6-4506-a8c5-a4fa21348bc6
286ac730-9775-434c-905c-b974a20d0b81	6680332b-6770-47e3-869f-89513d47fb9a
286ac730-9775-434c-905c-b974a20d0b81	61bc1e8c-4af5-4227-b43d-be855dbd8c24
286ac730-9775-434c-905c-b974a20d0b81	b8ccf14c-9401-463d-9951-5dd1a6a40e53
0796f73d-0ff2-40d3-9896-9c8ab85ecc70	e6ae732d-3024-4e6a-b892-b8b96daad94c
0796f73d-0ff2-40d3-9896-9c8ab85ecc70	9453dc08-260f-4953-ab4f-f1eade6906ac
0796f73d-0ff2-40d3-9896-9c8ab85ecc70	dbcc1c98-1e33-483c-a151-dbb956672ca9
0796f73d-0ff2-40d3-9896-9c8ab85ecc70	64287b07-e83f-4a71-bd0d-5caf007759b1
0796f73d-0ff2-40d3-9896-9c8ab85ecc70	1976c655-6d1f-483b-8761-2accb3e485e3
0796f73d-0ff2-40d3-9896-9c8ab85ecc70	807b23e9-7e73-4f4e-9049-f1cc9e26915e
29e161bf-9ee0-42b7-b783-52ee9ca10e3d	8b3c35d9-0675-421c-9967-544351e496fc
29e161bf-9ee0-42b7-b783-52ee9ca10e3d	e0e73e7b-5df4-4211-bd23-874462746d15
29e161bf-9ee0-42b7-b783-52ee9ca10e3d	ff2bdba6-aeb3-438b-a756-4d79252ea48f
29e161bf-9ee0-42b7-b783-52ee9ca10e3d	fc296b6c-3a35-4b6f-a375-3ee538d4d061
3b1c173d-48a6-4e01-870b-20ec4aa65919	c5b5072d-4038-4b75-85fc-3457cd9a9aa2
3b1c173d-48a6-4e01-870b-20ec4aa65919	0f6d829b-d260-4c24-bfa4-1e5c21f33f7b
3b1c173d-48a6-4e01-870b-20ec4aa65919	7d1a7ce6-aefb-4755-9af4-ade09cf49d0c
3b1c173d-48a6-4e01-870b-20ec4aa65919	0ef020b0-9667-40c4-95cb-5083b5917042
3b1c173d-48a6-4e01-870b-20ec4aa65919	cbd1c94f-685a-417a-b9c5-0677a086a667
9a10bc4c-8cd4-4eb0-b2ba-5860c531253b	acc6a6d7-431d-40f6-a5d4-6732bbdc5cc3
9a10bc4c-8cd4-4eb0-b2ba-5860c531253b	c4e99e03-7aec-4a07-bd55-125a234adbdd
9a10bc4c-8cd4-4eb0-b2ba-5860c531253b	a4def34c-4446-40a0-844e-9b931a5b5f93
9a10bc4c-8cd4-4eb0-b2ba-5860c531253b	4061c0ef-1140-4b3b-aee7-4db686f5cd4b
9a10bc4c-8cd4-4eb0-b2ba-5860c531253b	4cb5f90b-3b0e-4d55-8c7e-42f190d46464
9a10bc4c-8cd4-4eb0-b2ba-5860c531253b	07b98685-1cbb-4b7e-986b-b1c21582899c
51e3593e-8497-478e-8741-c026ee1c3fec	15f978a9-5d03-4cba-9fc1-3d5850a97f33
51e3593e-8497-478e-8741-c026ee1c3fec	d8e74cd2-cfad-4544-a681-40c289c1f082
51e3593e-8497-478e-8741-c026ee1c3fec	839e97c9-dc2d-43ff-9831-dd3511049372
51e3593e-8497-478e-8741-c026ee1c3fec	eb57bc1d-767e-4d9e-84d3-e5c9e635b045
51e3593e-8497-478e-8741-c026ee1c3fec	cdfdcd96-c004-4396-a8c8-6fb12d993fa5
51e3593e-8497-478e-8741-c026ee1c3fec	c71964bf-37ef-43d1-a6f1-1163932cda90
a5456aae-6028-4b77-a46b-4ef6904486ff	79907d97-aef2-4da3-8a5f-fd470d3dd1e4
a5456aae-6028-4b77-a46b-4ef6904486ff	27abfbff-7cc2-4998-9dd9-5264a58b26ec
a5456aae-6028-4b77-a46b-4ef6904486ff	e19df949-1a2f-481c-a4bf-a203905ddf3b
a5456aae-6028-4b77-a46b-4ef6904486ff	ca2414d2-361d-4085-ac57-28b2538affaa
a5456aae-6028-4b77-a46b-4ef6904486ff	3387e628-6ce2-4266-b089-e3a4d761ca3a
a5456aae-6028-4b77-a46b-4ef6904486ff	cec18435-a62d-46a1-a6de-cfb4f13c4132
a5456aae-6028-4b77-a46b-4ef6904486ff	5225ed43-68b2-4cdb-9895-bddea7f79f91
a5456aae-6028-4b77-a46b-4ef6904486ff	00fd8602-40ca-43a1-b1e4-8b4db0ca5368
a5456aae-6028-4b77-a46b-4ef6904486ff	f4ae893b-c476-4cda-a5b1-5567a3e4fe82
e647fcc7-ebb9-4858-9b70-345efd494768	4de94785-95b7-4e5e-9107-a95daafa5e3e
e647fcc7-ebb9-4858-9b70-345efd494768	e714cd71-24ad-4fec-85ce-43e5ea069a86
e647fcc7-ebb9-4858-9b70-345efd494768	38399ce9-04f2-4a7e-a450-8b2688a31999
e647fcc7-ebb9-4858-9b70-345efd494768	889cd4b6-ba7c-4bfa-a25f-d36aec1bc8a4
e647fcc7-ebb9-4858-9b70-345efd494768	9f0a555c-7c1d-4234-b426-81b06c3756a3
e647fcc7-ebb9-4858-9b70-345efd494768	36207555-a063-4f91-9319-2870d18fdf05
e647fcc7-ebb9-4858-9b70-345efd494768	763d6056-dae4-415c-bd88-dfedb775096b
e647fcc7-ebb9-4858-9b70-345efd494768	09068e6a-84b7-4af4-8b08-325ae8f134df
e647fcc7-ebb9-4858-9b70-345efd494768	0df734f8-3ff0-4ad9-bb88-ab4898c4f536
e647fcc7-ebb9-4858-9b70-345efd494768	e4d45383-cfdb-4e8e-875e-91d76c35c55f
d2933b50-b4ab-4b27-917e-e234f378c40c	bd5eaee5-42a6-49f8-aa6f-bfda70eebc3f
d2933b50-b4ab-4b27-917e-e234f378c40c	9297e91a-f9cb-46f2-8d8b-eb4eae84ab6a
d2933b50-b4ab-4b27-917e-e234f378c40c	e8f5ecb5-6ebe-41f9-a005-c017811f2126
d2933b50-b4ab-4b27-917e-e234f378c40c	2ce342ae-b67f-4536-b990-376f679a8a48
d2933b50-b4ab-4b27-917e-e234f378c40c	0ad59ab9-4898-4a48-b603-074e20b41128
d2933b50-b4ab-4b27-917e-e234f378c40c	c88de917-fe44-41be-bf4f-151e9184edb8
d2933b50-b4ab-4b27-917e-e234f378c40c	7aeb8f2b-52fe-4e3d-8535-9d74741ae05f
d2933b50-b4ab-4b27-917e-e234f378c40c	3ed27e37-3747-4f31-af44-0c64560bb2dd
d2933b50-b4ab-4b27-917e-e234f378c40c	3b19afec-87f4-45ab-9e71-4cecc1ff2a6e
de3fee70-3f8f-44fd-8be5-9c7946c32eaf	afc3ca67-9535-41a5-8684-ee0182913325
de3fee70-3f8f-44fd-8be5-9c7946c32eaf	c397a293-73a0-4502-b20f-17edb60e7107
de3fee70-3f8f-44fd-8be5-9c7946c32eaf	af44af4a-7621-4b9a-86d3-5cb587f7dad3
de3fee70-3f8f-44fd-8be5-9c7946c32eaf	53444576-8fa4-4239-aeaf-f44ed3b57064
de3fee70-3f8f-44fd-8be5-9c7946c32eaf	2fcf1319-0ecf-442b-9047-fc1f8ef71a1b
de3fee70-3f8f-44fd-8be5-9c7946c32eaf	07a9b341-53f8-40e2-bcd7-ee9e4fc0e768
de3fee70-3f8f-44fd-8be5-9c7946c32eaf	37f7abab-889d-4183-a6c9-e68bca0bb2ca
de3fee70-3f8f-44fd-8be5-9c7946c32eaf	8db2bb36-ac63-4d1e-a51f-8ccba154ae9b
de3fee70-3f8f-44fd-8be5-9c7946c32eaf	cacfe1ff-e442-48b3-9f4e-64611899db4a
2286a658-14ca-4f61-9984-bf308287d1b3	ea614482-79a3-4f24-9eb8-90ca04eb9ab3
2286a658-14ca-4f61-9984-bf308287d1b3	b7d58f45-8e90-475e-8b98-08630692384f
2286a658-14ca-4f61-9984-bf308287d1b3	e483e60a-56c4-4829-a4d4-0f0eae25169b
2286a658-14ca-4f61-9984-bf308287d1b3	bdba895c-df1e-43d9-9f99-ed59682cc9e8
2286a658-14ca-4f61-9984-bf308287d1b3	17179a2b-6211-4fc4-ac14-2ebd8fd7dcea
2286a658-14ca-4f61-9984-bf308287d1b3	1e281a5b-5bee-40a0-b63a-3fec497c49b1
2286a658-14ca-4f61-9984-bf308287d1b3	66d909d9-bdb3-463c-8e03-a3cf0450301c
2286a658-14ca-4f61-9984-bf308287d1b3	749d07fe-7892-4ec1-be7f-bca72a9ef467
2286a658-14ca-4f61-9984-bf308287d1b3	2f8f9828-cc31-48e4-9902-bcfc6def31ac
9d0364ef-0dfd-4313-8448-c125a4404d31	14a9ef39-24bd-45ee-a01f-f709561407a0
9d0364ef-0dfd-4313-8448-c125a4404d31	8e739a51-2d8f-4441-8c10-047c97ef1eee
9d0364ef-0dfd-4313-8448-c125a4404d31	b561217c-778c-4c74-8372-0b218e35c2da
9d0364ef-0dfd-4313-8448-c125a4404d31	b2116299-d5a3-472f-af55-4c313b478d89
9d0364ef-0dfd-4313-8448-c125a4404d31	46226feb-813f-492e-b74e-f40eaeb0015f
9d0364ef-0dfd-4313-8448-c125a4404d31	9c1daa58-245d-4c12-9eb9-d38ce3dc4ffd
9d0364ef-0dfd-4313-8448-c125a4404d31	fdaf1867-2430-4eeb-b2aa-ab41a1b48aa8
9d0364ef-0dfd-4313-8448-c125a4404d31	9c34e717-88f0-4eb6-84de-1ab00514dafd
9d0364ef-0dfd-4313-8448-c125a4404d31	2632facc-f5aa-4efc-92f8-1867ca5bf452
9d0364ef-0dfd-4313-8448-c125a4404d31	37af63fe-42b5-40ab-bb4b-f5936de9a45b
07049f46-8d13-4ee3-9317-e7848c59f413	bdcdb8a7-ef11-4c95-aa8b-60fcaa3d52c4
07049f46-8d13-4ee3-9317-e7848c59f413	0430e16b-6754-4a8f-8c46-4b6f6bc93ac0
07049f46-8d13-4ee3-9317-e7848c59f413	c6cd8482-025b-4e3c-ae0b-a2bc2c7324a2
7d20834e-99a5-4efa-b0d6-b33b8e4da4c6	d9ef17af-c76f-4848-8277-d2aeba26404c
7d20834e-99a5-4efa-b0d6-b33b8e4da4c6	b0e2c8b0-cc96-4496-914f-e11430081987
7d20834e-99a5-4efa-b0d6-b33b8e4da4c6	69f63b30-c194-4be9-b86f-b834277e549e
bde9c4fc-a33f-4faf-bf42-10856a923039	dc6ee5d5-b3f5-46ed-ac1a-1045426b9c29
bde9c4fc-a33f-4faf-bf42-10856a923039	28a6e8fe-ab87-4d77-bd41-83c8126f1749
bde9c4fc-a33f-4faf-bf42-10856a923039	7499a206-9051-489c-8c72-469cc536ff4e
bde9c4fc-a33f-4faf-bf42-10856a923039	d77cdbea-7106-4416-861e-9d8415a6495e
6d5ab1eb-e99b-4221-b10c-48124c5c3b14	86289402-c5d2-42c5-834c-3b99963633ff
6d5ab1eb-e99b-4221-b10c-48124c5c3b14	b5027447-df8d-4b4a-9f33-0a524a6cdf5d
6d5ab1eb-e99b-4221-b10c-48124c5c3b14	4e0273d7-dcd6-4982-b2dd-c08a76346118
6d5ab1eb-e99b-4221-b10c-48124c5c3b14	ef155bdc-2778-494a-93ed-38767163cc70
5463d62a-e248-48e1-b439-2d4a23e959de	690a0a89-c97f-45fa-8d9d-fcfea8ecff0e
5463d62a-e248-48e1-b439-2d4a23e959de	061ffd53-e142-441a-99f5-15a2a016fbb3
5463d62a-e248-48e1-b439-2d4a23e959de	6b0bde8e-d02e-4668-a649-110f23cb6533
5463d62a-e248-48e1-b439-2d4a23e959de	a03828d3-eca0-4ba6-a1fe-911b6753b427
73e475da-41ae-4157-be96-393c171f1e71	d70cf563-60bf-4624-b4da-805b73c074f7
73e475da-41ae-4157-be96-393c171f1e71	2f28b101-aec1-46f2-99e1-ef44843c2119
73e475da-41ae-4157-be96-393c171f1e71	bb5e2550-9825-45ce-8301-01e6f08d0d41
73e475da-41ae-4157-be96-393c171f1e71	a832b307-4446-4b09-803a-679b9a16b660
847842da-076b-462e-a59a-516749dd6a01	cd6059ab-e945-4372-96b8-9a8e9a427a20
847842da-076b-462e-a59a-516749dd6a01	2029e992-bbc2-4238-8b79-35a4321748d8
847842da-076b-462e-a59a-516749dd6a01	72e5e759-3b47-4349-8715-0ae5b89d0a06
847842da-076b-462e-a59a-516749dd6a01	45f189aa-ea6d-4d7b-a2a5-d874956d4be9
847842da-076b-462e-a59a-516749dd6a01	1b6fc0d3-f596-4b5e-b8cf-561e92a2cef2
a14a8c4a-8f75-4f8d-85f9-a65d0accea39	4ddb3f65-6a90-4efc-8ce1-2ac11e0dafa3
a14a8c4a-8f75-4f8d-85f9-a65d0accea39	c8552717-7251-4b14-a5b0-1cf705e47ee2
a14a8c4a-8f75-4f8d-85f9-a65d0accea39	442bc531-0c94-4878-b43a-ea4b665f7110
a14a8c4a-8f75-4f8d-85f9-a65d0accea39	01271541-e6c7-4dda-8d19-2642044fe81a
c675d48b-4973-4d94-9d38-b144be02e263	e91c6616-d048-437c-9430-074037b3bb7d
c675d48b-4973-4d94-9d38-b144be02e263	d739898a-746d-450d-927f-22deabc490c6
c675d48b-4973-4d94-9d38-b144be02e263	3def84b6-ae8b-486f-a176-1a8e78f9d129
c675d48b-4973-4d94-9d38-b144be02e263	1ddcb0d3-c6a7-4a21-9460-bc3d08a0dfe1
c675d48b-4973-4d94-9d38-b144be02e263	2c75e98f-7322-48da-a415-bd33fc238da7
076e80cf-7d2f-4c82-bd0b-e65b7efeeb4f	366c561c-8326-44e5-815a-1fb23d82a49b
076e80cf-7d2f-4c82-bd0b-e65b7efeeb4f	e9c0a08d-2954-4c08-ba27-f1b009269b1d
076e80cf-7d2f-4c82-bd0b-e65b7efeeb4f	250eca33-d119-456a-8650-d9647796a67d
076e80cf-7d2f-4c82-bd0b-e65b7efeeb4f	53553da1-26e6-4749-8ea7-1845acc09dc5
076e80cf-7d2f-4c82-bd0b-e65b7efeeb4f	f8411fa1-87bc-4beb-b14d-c6a15f7b81ce
4e097e38-3b62-46a1-97f3-7e10515db9d8	969bfddc-666d-4704-b87e-053ffd6d5de6
4e097e38-3b62-46a1-97f3-7e10515db9d8	27b2be62-b345-44af-8315-130d41d493a2
4e097e38-3b62-46a1-97f3-7e10515db9d8	ce5443da-09d5-478b-b443-3d86a33d1a19
4e097e38-3b62-46a1-97f3-7e10515db9d8	455474a5-8c83-4aad-b550-028a5ddd1f99
4e097e38-3b62-46a1-97f3-7e10515db9d8	27a62002-44d6-4c29-b227-c7f6b6c90c21
4e097e38-3b62-46a1-97f3-7e10515db9d8	cc8a8da9-d79f-4b97-95cb-33f07c762f30
4e097e38-3b62-46a1-97f3-7e10515db9d8	9e925987-aa64-4181-8005-9772d43a2dc3
8f631838-9c09-47f7-b3b4-2aa233989301	622871d5-e449-4c2b-8de1-39358dfbf994
8f631838-9c09-47f7-b3b4-2aa233989301	6f42c403-9457-46ea-a6cb-b934a006b6da
8f631838-9c09-47f7-b3b4-2aa233989301	f2746063-dc5b-44f7-bf6c-51625e96e5cc
8f631838-9c09-47f7-b3b4-2aa233989301	c172e0ef-580d-4f43-a2f0-f9b4927be550
8f631838-9c09-47f7-b3b4-2aa233989301	c50ac86c-f035-4534-a62b-530598bf4829
8f631838-9c09-47f7-b3b4-2aa233989301	ebe929e7-2378-448a-9dc0-b9d76d70d334
8f631838-9c09-47f7-b3b4-2aa233989301	b0882774-493d-442f-ab56-e2a89605b6ad
d2762818-caae-4634-897e-cb317f0ba74e	633937eb-0d01-440a-8633-acc197228fc8
d2762818-caae-4634-897e-cb317f0ba74e	50c75c50-527e-42d7-8fc9-fede7ecfc37d
d2762818-caae-4634-897e-cb317f0ba74e	8d913707-f4eb-4c28-bc4f-f913442a8de7
d2762818-caae-4634-897e-cb317f0ba74e	50a0540d-973f-4324-bf63-778d7053bedb
d2762818-caae-4634-897e-cb317f0ba74e	86a44662-788c-4cb0-ba2c-b67a618ed2b1
d2762818-caae-4634-897e-cb317f0ba74e	5fa67661-dac9-401f-b09f-8e0cb45709a7
d2762818-caae-4634-897e-cb317f0ba74e	3c429eb7-581f-459b-838b-4b6e6c05b0f9
d2762818-caae-4634-897e-cb317f0ba74e	e4ef4f0b-71b8-4bdb-9cd2-b004c759428c
d2762818-caae-4634-897e-cb317f0ba74e	b78894f2-94fc-4766-85cd-ecd95a97828a
e74a1125-9fcb-463e-bb65-436672251945	7caaa69f-9576-43b6-8154-2f103220d8c9
e74a1125-9fcb-463e-bb65-436672251945	e59a16d3-7374-44b2-951e-c9b7fcb9f426
e74a1125-9fcb-463e-bb65-436672251945	61ef0629-15bd-4008-b825-500f49373eb8
e74a1125-9fcb-463e-bb65-436672251945	554ca8ca-a89b-4cc1-8f5c-1be187ddba73
e74a1125-9fcb-463e-bb65-436672251945	9aeea1c8-1ff5-4110-9180-aef0477fea99
e74a1125-9fcb-463e-bb65-436672251945	60d05009-ec5f-49e3-be07-672480eee528
e74a1125-9fcb-463e-bb65-436672251945	e65220ad-03a8-433b-aace-029484661975
e74a1125-9fcb-463e-bb65-436672251945	e49234d9-38b9-4d24-9078-71b56ffce6a3
e74a1125-9fcb-463e-bb65-436672251945	3f503763-014a-44f2-912e-e473a6eea01f
8a0999d0-7bfd-4101-861e-2f73f67b11c8	080f9ace-bf48-47c9-a539-b67ed9ffc35c
8a0999d0-7bfd-4101-861e-2f73f67b11c8	6eaffe24-1958-4114-9a2f-0666fec27723
8a0999d0-7bfd-4101-861e-2f73f67b11c8	ef4b4f9a-8de3-4e65-bddb-c1f23c45c318
8a0999d0-7bfd-4101-861e-2f73f67b11c8	6c7718dc-efdd-4eb6-a479-1f352b7fe5c9
8a0999d0-7bfd-4101-861e-2f73f67b11c8	75262f00-74ca-4e47-9ffe-4330eeaed9be
8a0999d0-7bfd-4101-861e-2f73f67b11c8	c5159337-5518-45c6-b16f-b6d60ca6b9ac
8a0999d0-7bfd-4101-861e-2f73f67b11c8	22c3a9a7-10b0-4ebb-96ce-424cbfba58e5
8a0999d0-7bfd-4101-861e-2f73f67b11c8	948138e7-4a0d-48e1-a8cc-c3daa2a47d03
8a0999d0-7bfd-4101-861e-2f73f67b11c8	e280b266-dd7b-4bb7-a74b-2bbe8fb19dd0
8a0999d0-7bfd-4101-861e-2f73f67b11c8	3cc441d9-fded-4cf6-89f9-1bc76748ba0a
f3f0b846-1765-474f-85ca-3af4b5f4fae8	c01b8e8f-f3fc-4c7f-b4bf-1e2930be794f
f3f0b846-1765-474f-85ca-3af4b5f4fae8	c5814dd1-f1a3-441c-be41-467ce56e3189
f3f0b846-1765-474f-85ca-3af4b5f4fae8	bbad1dae-15be-4df5-8667-f4e7caeb7469
f3f0b846-1765-474f-85ca-3af4b5f4fae8	4bff2fe3-aa97-41fa-97f5-0c76313ee848
f3f0b846-1765-474f-85ca-3af4b5f4fae8	22defe3f-0d01-444a-a2bd-c2cdd36bd5ff
f3f0b846-1765-474f-85ca-3af4b5f4fae8	c38c68ab-504d-4b13-9bc5-35166bf14ac6
f3f0b846-1765-474f-85ca-3af4b5f4fae8	c54c48c9-0567-44c2-9938-9c2140c6c47f
f3f0b846-1765-474f-85ca-3af4b5f4fae8	388456bc-036b-4468-9cac-30ebe67529f9
f3f0b846-1765-474f-85ca-3af4b5f4fae8	16253e05-fae6-4594-b5f7-401e5aa7162e
f3f0b846-1765-474f-85ca-3af4b5f4fae8	e7cba4c2-2ab4-4b89-8c6a-b34a106965ab
9fac2130-f3b2-40dd-a0ae-6eaf4ba58013	671a8d0f-6ffa-4c00-a017-32151d5630e0
9fac2130-f3b2-40dd-a0ae-6eaf4ba58013	816f4bc3-a408-412b-9f33-2780cbeed41d
9fac2130-f3b2-40dd-a0ae-6eaf4ba58013	e081763d-6ea4-4b4a-b832-dd0b5a1e65ec
a72f9258-2f81-41db-80fa-4fe17ea2a0b2	56924f11-2672-451c-ad83-5d55bdb0353d
a72f9258-2f81-41db-80fa-4fe17ea2a0b2	685ecb94-59d8-418b-96cd-9bc46af8df2c
a72f9258-2f81-41db-80fa-4fe17ea2a0b2	b0517b8a-9bac-427a-b904-cdd54ebedc9f
94f2134a-c990-4478-900c-b0e3cffff94e	0cb25791-3ddd-4202-93fa-4504f67c52f2
94f2134a-c990-4478-900c-b0e3cffff94e	3d5072f4-795e-4838-952a-e94390107bf8
94f2134a-c990-4478-900c-b0e3cffff94e	4f1e1bd8-f058-4e0c-a73c-d0db9518c7da
3742bc24-241e-4de4-a7ce-4c6d38c860c2	e17d7dee-d082-4d02-ae71-0cbe4a9a40b5
3742bc24-241e-4de4-a7ce-4c6d38c860c2	2c5f9248-f089-429b-9520-b611e4b02354
3742bc24-241e-4de4-a7ce-4c6d38c860c2	be7c88a5-0ac8-4713-8dac-c8d3548c52d9
10a824fc-4100-448c-b645-20a8023394b2	537a43a5-bdca-45bd-a911-ee3d88a6df99
10a824fc-4100-448c-b645-20a8023394b2	f61c3ea7-3623-4ab1-bc6e-cb5b2a1d16d3
10a824fc-4100-448c-b645-20a8023394b2	90626fd0-5fa5-4edf-8aee-e2e606d30f6e
1646b6cb-9632-4000-bde1-b775b318695d	0a41585e-132d-4f08-8067-4b03681915ac
1646b6cb-9632-4000-bde1-b775b318695d	11ff7e99-d6a9-4c48-9865-d1779b7107c5
1646b6cb-9632-4000-bde1-b775b318695d	d20a556a-e800-49f2-8e7a-cef8c23339d6
1646b6cb-9632-4000-bde1-b775b318695d	23476cde-812a-4a00-b370-4bfb71ed22e8
927ed371-20ba-40b8-ba7d-10f99f4a1366	b021a39b-7884-4e49-822e-73847705c057
927ed371-20ba-40b8-ba7d-10f99f4a1366	3d8eef2e-7037-4bbb-8acb-8ff9ab18c04c
927ed371-20ba-40b8-ba7d-10f99f4a1366	d3b894a9-4d19-4660-9e79-cb807e013ebb
927ed371-20ba-40b8-ba7d-10f99f4a1366	1bd5528d-4900-4370-913b-49d14d1f904b
927ed371-20ba-40b8-ba7d-10f99f4a1366	d3d84551-cd51-4b2e-aeea-9ede4c2de554
f134b4ca-fc4b-4da3-ac31-0c34a2523b4a	28a541f7-723b-4c27-8b09-f3e7a322ddde
f134b4ca-fc4b-4da3-ac31-0c34a2523b4a	1d6f4e63-96f1-42b9-984e-2950ed09768c
f134b4ca-fc4b-4da3-ac31-0c34a2523b4a	0381645f-02bf-452a-be8e-5a45b09257e6
f134b4ca-fc4b-4da3-ac31-0c34a2523b4a	9b476e6e-3fa3-4fa2-a7f3-75fe88c4c374
f134b4ca-fc4b-4da3-ac31-0c34a2523b4a	3d3f71d7-8522-4753-a978-cfbecf7d017b
2c4442b0-f3e6-4e5d-bb60-d259c9ad0272	00090a6e-f722-4a85-8cef-2476425ee42a
2c4442b0-f3e6-4e5d-bb60-d259c9ad0272	a2f59d19-6d1b-48e3-bab9-bc02d7adb22b
2c4442b0-f3e6-4e5d-bb60-d259c9ad0272	12c7eb37-aa9a-4e1d-92fe-f2d15936f5a3
2c4442b0-f3e6-4e5d-bb60-d259c9ad0272	59c731a6-ecda-4ee2-9b67-4f65c7371430
4f889093-2418-4bdb-af2d-81f4e37ba8be	4d19dc96-563d-46f2-9d6e-82049cef5a06
4f889093-2418-4bdb-af2d-81f4e37ba8be	28efce62-3463-47e4-95a4-e9cf50319ef3
4f889093-2418-4bdb-af2d-81f4e37ba8be	85a53906-6204-4f96-ae23-a114c3c09a0f
4f889093-2418-4bdb-af2d-81f4e37ba8be	6a4281b5-dd8b-431d-b04e-8e7fc3386a40
7d7fa507-a80e-465f-a8cf-50ccdf9c1c67	84a16dd3-c513-45f3-8d96-684644ec1c22
7d7fa507-a80e-465f-a8cf-50ccdf9c1c67	a4200a83-75be-4c57-9560-3cc3c4b1b045
7d7fa507-a80e-465f-a8cf-50ccdf9c1c67	946b3bbd-f712-4a70-b4c7-5f29e79fafa9
7d7fa507-a80e-465f-a8cf-50ccdf9c1c67	ed50142a-608e-444b-9473-65fbc93b84a5
7d7fa507-a80e-465f-a8cf-50ccdf9c1c67	13db0794-a1a5-415d-a98b-c4c303e190e8
7d7fa507-a80e-465f-a8cf-50ccdf9c1c67	41f05269-d862-4e61-b1d4-05510800e879
98fa34ba-e689-4c6e-8356-7a227d6a7acb	fcf33864-bfc9-4fa3-96d6-3a71177b75a4
98fa34ba-e689-4c6e-8356-7a227d6a7acb	b333fbe0-963c-4000-bfd2-3c35404b482a
98fa34ba-e689-4c6e-8356-7a227d6a7acb	e60042ba-671e-44ee-b29e-b53ff8a9a066
98fa34ba-e689-4c6e-8356-7a227d6a7acb	8c6fd917-f988-4927-8930-8673a0a32144
98fa34ba-e689-4c6e-8356-7a227d6a7acb	d669bb69-c4be-4d86-a4da-994b1e634fc8
98fa34ba-e689-4c6e-8356-7a227d6a7acb	15e0c402-2820-4cbf-80e9-cc41af853272
98fa34ba-e689-4c6e-8356-7a227d6a7acb	790cc9a2-a993-4409-b2f5-752050d5b009
20667edd-d7e1-40ed-a817-cfc763542718	fad0eb23-af09-4fd8-b1ee-bdf26d86afaa
20667edd-d7e1-40ed-a817-cfc763542718	d06a87df-95f3-4354-a18e-8977ffc05e72
20667edd-d7e1-40ed-a817-cfc763542718	67217cd0-ca1e-4fa8-a205-c1a7b4c1ad95
20667edd-d7e1-40ed-a817-cfc763542718	457eefeb-a7a7-46e4-aaaa-79fe2a0c5b69
20667edd-d7e1-40ed-a817-cfc763542718	c060b1b7-21ad-45c0-a7a3-d055d7d896d6
20667edd-d7e1-40ed-a817-cfc763542718	d51c0292-de83-4dc1-a84b-ca2a245ac95f
9c49653a-bd6d-4c3a-b614-125922b2e05c	c520b4af-b986-4e62-820c-898c502225c5
9c49653a-bd6d-4c3a-b614-125922b2e05c	64a46ca2-08e5-4fd3-8d3e-4f814c480f1c
9c49653a-bd6d-4c3a-b614-125922b2e05c	9a533689-541b-4003-a08f-2c16586f6496
9c49653a-bd6d-4c3a-b614-125922b2e05c	aca72b6e-be95-43af-9318-d9e5703a8197
9c49653a-bd6d-4c3a-b614-125922b2e05c	d3d5d282-b837-4697-a073-fe8b46c12d51
9c49653a-bd6d-4c3a-b614-125922b2e05c	d350dfcd-6503-4211-8235-50a4a3b0e419
9c49653a-bd6d-4c3a-b614-125922b2e05c	8e055335-8df2-4534-b5e5-b277fffb40fc
5cdd5f6a-50d1-4137-9b21-add4c8628ec8	5beb37ba-60d7-475d-a95f-a1e68ca3a980
5cdd5f6a-50d1-4137-9b21-add4c8628ec8	46cedac3-ac2b-4bb4-81fd-283e93744ee3
5cdd5f6a-50d1-4137-9b21-add4c8628ec8	1afa8c53-1199-4768-9f5f-8d1a96bfcff5
5cdd5f6a-50d1-4137-9b21-add4c8628ec8	c2b90719-fa4a-4763-9ba9-e58735b3a428
5cdd5f6a-50d1-4137-9b21-add4c8628ec8	dc3786ab-ac7f-44ae-95b9-2608f432db3d
5cdd5f6a-50d1-4137-9b21-add4c8628ec8	0b5b59e0-b782-4d68-af0d-c13f8e4b3206
5cdd5f6a-50d1-4137-9b21-add4c8628ec8	250885c3-f735-4117-9f55-0a58b21549d2
f591a56c-71b9-4986-aa04-96996d8f20d4	3c6aeeaa-0054-4e79-b2e3-44680cd3bb40
f591a56c-71b9-4986-aa04-96996d8f20d4	17a9ae26-675d-497a-b05e-b3bad0febfe5
f591a56c-71b9-4986-aa04-96996d8f20d4	54b9b467-75d4-41d7-80e6-5535d274cbdf
f591a56c-71b9-4986-aa04-96996d8f20d4	914bf3f0-a10c-4452-b09f-755137c8d975
f591a56c-71b9-4986-aa04-96996d8f20d4	35c2c7a1-0f55-4fa4-be61-4fed9beff515
f591a56c-71b9-4986-aa04-96996d8f20d4	497a9289-ed56-4cb3-8daa-0193fff01dc0
f591a56c-71b9-4986-aa04-96996d8f20d4	73a82bc3-16fa-4566-86c3-902297ad1e3e
f512e7d1-1a45-463c-944c-4963ff058115	d51410de-f323-407e-a5f1-cabba5c87c78
f512e7d1-1a45-463c-944c-4963ff058115	aa1ca3cb-7829-431a-9a89-6a65dd87cae2
f512e7d1-1a45-463c-944c-4963ff058115	aa974461-fef0-4c10-8692-34f2e1b994c6
f512e7d1-1a45-463c-944c-4963ff058115	81e86e3d-91c3-4b34-90bf-29a1153b9a76
f512e7d1-1a45-463c-944c-4963ff058115	518735c9-cc5d-474f-81b3-5790f4041d2a
f512e7d1-1a45-463c-944c-4963ff058115	b43f2227-3257-4f23-b85c-b57a8c065f7d
f512e7d1-1a45-463c-944c-4963ff058115	206d22d8-e996-4db9-82ca-7f6df45855cb
f512e7d1-1a45-463c-944c-4963ff058115	d315d306-7c58-4cd6-b23e-14c6e41cd2c9
24247a7f-cfaf-4f6c-bcaf-d780d86015b4	c4b16c18-3cf6-4202-918b-d65d882aa664
24247a7f-cfaf-4f6c-bcaf-d780d86015b4	49da6a47-ae74-49b5-b88e-8cdd5f4bc321
24247a7f-cfaf-4f6c-bcaf-d780d86015b4	e2b99ff0-32d1-4a6a-9387-e296e29e856b
24247a7f-cfaf-4f6c-bcaf-d780d86015b4	3a82044b-a405-4f06-b196-873dcf5e2b0a
24247a7f-cfaf-4f6c-bcaf-d780d86015b4	3624c8f1-1baf-4d3d-8e17-b110dff9bc1c
24247a7f-cfaf-4f6c-bcaf-d780d86015b4	ca8232f6-114d-4562-9f5e-831c120a4a8b
24247a7f-cfaf-4f6c-bcaf-d780d86015b4	87f21b7f-b53c-4892-b209-2917338ddadc
24247a7f-cfaf-4f6c-bcaf-d780d86015b4	f076d892-c543-4cdc-8a22-b7d929428961
24247a7f-cfaf-4f6c-bcaf-d780d86015b4	bdd8b1ce-a708-44b7-a5ac-63b277955f50
31219bfa-170a-4352-89d6-efc0ffd06277	1d887ed0-7dac-43b9-ab5f-c6bdc145ffee
31219bfa-170a-4352-89d6-efc0ffd06277	b628fe2f-25e0-470b-a019-1bd4f96e8d72
31219bfa-170a-4352-89d6-efc0ffd06277	36a6002d-20b6-4412-9347-1fbbcaab9add
31219bfa-170a-4352-89d6-efc0ffd06277	21163288-4bc7-453a-9b55-1a82393d0ac1
31219bfa-170a-4352-89d6-efc0ffd06277	3c0800fd-b861-4ab9-8bf3-a41cfbe89bdc
31219bfa-170a-4352-89d6-efc0ffd06277	628c0d91-13fa-42cd-b6be-0f7158137193
31219bfa-170a-4352-89d6-efc0ffd06277	34c847d5-191f-4c69-be65-1b3112ded35b
31219bfa-170a-4352-89d6-efc0ffd06277	e980504a-1461-435b-9d1d-c9a6ece7d441
2f7af0f0-38a4-4ab5-b443-9d9c9487e705	7939e4e3-08c7-4d82-954e-110e80419124
2f7af0f0-38a4-4ab5-b443-9d9c9487e705	aa0225f7-fa0d-401d-b7f2-b7d5f30895b7
2f7af0f0-38a4-4ab5-b443-9d9c9487e705	0fa1a0b5-8517-4938-aae1-6d624f311158
2f7af0f0-38a4-4ab5-b443-9d9c9487e705	ff727c1c-c7c9-4716-8a14-a5391e1eafcc
2f7af0f0-38a4-4ab5-b443-9d9c9487e705	4c492ebc-0670-48e0-8864-8a491c1f07db
2f7af0f0-38a4-4ab5-b443-9d9c9487e705	351658de-0eb1-4bcf-8b87-d7d4055f14d3
2f7af0f0-38a4-4ab5-b443-9d9c9487e705	e5622711-d097-4ed3-a0fa-b7778f7e3466
2f7af0f0-38a4-4ab5-b443-9d9c9487e705	b2325a2f-52a8-410f-951f-9b71c0d68266
2f7af0f0-38a4-4ab5-b443-9d9c9487e705	3dcea772-c0cd-454f-9a39-18a4d5b49b50
33f51ba5-d822-424e-ba83-1ad5d4a58263	20a1b68d-8bfe-43b7-b6fd-dedd95e72c70
33f51ba5-d822-424e-ba83-1ad5d4a58263	3e0edec5-d9bd-407b-924d-667df866589d
33f51ba5-d822-424e-ba83-1ad5d4a58263	53c73639-a237-4812-925e-c5583351046c
33f51ba5-d822-424e-ba83-1ad5d4a58263	49526228-3244-4e4a-911e-f1d2a3fec16a
33f51ba5-d822-424e-ba83-1ad5d4a58263	4fe7801d-517a-4c8b-8272-a53e2a5237dd
33f51ba5-d822-424e-ba83-1ad5d4a58263	f8c0f325-3c2b-4d00-97c9-d6e12ba41ac1
33f51ba5-d822-424e-ba83-1ad5d4a58263	ca431118-d03f-4af7-9e04-de7d00496a4d
33f51ba5-d822-424e-ba83-1ad5d4a58263	201a2a57-90df-4027-8aa2-915695d1e2d4
fe2bbd17-be7f-4f15-9531-c8b8f9879e08	4b4242b8-b8cc-4643-9d2d-e24218fed70c
fe2bbd17-be7f-4f15-9531-c8b8f9879e08	005e227e-2440-4d3c-9a12-48a6a232a99c
fe2bbd17-be7f-4f15-9531-c8b8f9879e08	50fda3c6-6050-40de-8f17-44ed33534267
fe2bbd17-be7f-4f15-9531-c8b8f9879e08	96d014ed-3ff9-4f78-adb0-29be5fdae950
fe2bbd17-be7f-4f15-9531-c8b8f9879e08	a02138d9-086a-4a2c-a95c-42e84e6da4e9
fe2bbd17-be7f-4f15-9531-c8b8f9879e08	df9366f4-b0aa-456c-af19-450844527db2
fe2bbd17-be7f-4f15-9531-c8b8f9879e08	94adc5af-f3e8-41b8-8357-f7e0c1c0a0db
fe2bbd17-be7f-4f15-9531-c8b8f9879e08	46575031-b8d5-4ed1-917f-1d040d03d6f5
fe2bbd17-be7f-4f15-9531-c8b8f9879e08	e2a16358-0758-476a-a896-93eaf8d4a386
57cbc12c-8d3b-4072-93e8-baaeeeb3b557	3f1f9280-e204-4a34-9ca7-2abda4ea430a
57cbc12c-8d3b-4072-93e8-baaeeeb3b557	4ee36be5-6003-4d2e-be1a-8f53eb562cbe
57cbc12c-8d3b-4072-93e8-baaeeeb3b557	bbf80272-1d88-40f7-bb40-5fc29fde643d
57cbc12c-8d3b-4072-93e8-baaeeeb3b557	841e0745-ec91-4470-938c-1787cc3dec23
57cbc12c-8d3b-4072-93e8-baaeeeb3b557	05fc8655-ead2-4b8b-85ba-7eff534000ab
57cbc12c-8d3b-4072-93e8-baaeeeb3b557	764915d9-8ca1-48e0-845d-d5c50e8bd56f
57cbc12c-8d3b-4072-93e8-baaeeeb3b557	872508b4-b680-4e91-820e-5ba758287612
57cbc12c-8d3b-4072-93e8-baaeeeb3b557	c1db7dbe-5ead-47a5-949d-1b23e06da9cc
07b7830c-a3a2-4c81-9446-dcded1f331ad	273a65fc-c38d-408b-ab87-e6574b758117
07b7830c-a3a2-4c81-9446-dcded1f331ad	844541b2-2400-455d-b0ab-e1c89dcf6125
07b7830c-a3a2-4c81-9446-dcded1f331ad	ba8bd44a-92f0-4ced-bb92-01d13b95e537
07b7830c-a3a2-4c81-9446-dcded1f331ad	f3368f01-a848-49b4-8077-52341858ce39
af5755ee-4221-44fe-8884-6f990209de36	a4e882bf-9e6a-4752-bf1a-1c7af7fbc276
af5755ee-4221-44fe-8884-6f990209de36	d20d1b80-c009-471e-8995-3b740abbbd8c
af5755ee-4221-44fe-8884-6f990209de36	cd77f4db-99d3-499e-984c-9b8246fdca62
af5755ee-4221-44fe-8884-6f990209de36	d402381a-a842-4e5a-b6cf-cc133bc1aabb
1c2cb519-a812-4eba-8853-5e40e2baab1c	60c934bb-70bc-4b6e-ab46-b527a332336d
1c2cb519-a812-4eba-8853-5e40e2baab1c	604e7dd0-c5bc-4a30-870b-54271aade0c7
1c2cb519-a812-4eba-8853-5e40e2baab1c	df83d447-3965-491e-919c-89c80a835f73
4f41c49c-609c-44dd-967f-cd6e45b3bf36	b2984f5b-4f7a-4b7e-92b8-be037b779811
4f41c49c-609c-44dd-967f-cd6e45b3bf36	8dde0ed7-e2e6-489e-b789-6db89d4694cb
4f41c49c-609c-44dd-967f-cd6e45b3bf36	44602443-4703-4f14-b23b-64b76acdcf9a
9c84eeae-ae1e-44d3-8f00-32922f56d68c	9eae34b9-599a-4a38-a5eb-9137540251d7
9c84eeae-ae1e-44d3-8f00-32922f56d68c	73b2ceed-c872-4502-a4d8-c11e2da7d608
9c84eeae-ae1e-44d3-8f00-32922f56d68c	c35db791-1a92-4d25-9a91-42edf973587d
9c84eeae-ae1e-44d3-8f00-32922f56d68c	3d60d174-d74c-4517-adfb-92bef6be6d7c
965f63bc-67c3-4110-9942-982cf450441d	a7ab2d24-6c87-4d51-89a7-c92a0e6c0d25
965f63bc-67c3-4110-9942-982cf450441d	63dd53b6-a2c7-488d-8895-141846822e81
965f63bc-67c3-4110-9942-982cf450441d	d0976ee2-56af-48b3-928b-bff96dcdac97
965f63bc-67c3-4110-9942-982cf450441d	45b0b2a1-fb66-4c0d-aad2-546cf1b7de6b
252a1594-5bc1-48c4-bff0-1e39e8ee15e2	e9b3c2ef-4b53-4908-ba6e-29035db2f3af
252a1594-5bc1-48c4-bff0-1e39e8ee15e2	cbe8275d-df88-48a5-b599-3d85628888a3
252a1594-5bc1-48c4-bff0-1e39e8ee15e2	c0d3b61d-fa69-4231-b089-1d15a28ed3af
252a1594-5bc1-48c4-bff0-1e39e8ee15e2	5d4be55d-d7e8-49fa-a2c1-8d584f4b479f
252a1594-5bc1-48c4-bff0-1e39e8ee15e2	547294eb-86d9-4c85-b231-c792df062402
252a1594-5bc1-48c4-bff0-1e39e8ee15e2	2c82ae0a-4370-4d31-ae11-05100e12379f
12923841-02e2-420b-ad96-4ad94cd1fe4c	71f9cde9-cbb9-4924-8aa0-d2e6457e034d
12923841-02e2-420b-ad96-4ad94cd1fe4c	6c144b47-a047-43e1-8700-d65e4f87cb5d
12923841-02e2-420b-ad96-4ad94cd1fe4c	4dbd4198-1831-4ff8-b783-f967e8c1f6f2
12923841-02e2-420b-ad96-4ad94cd1fe4c	f86a60e1-c45a-4f19-9a52-1aa087550f4f
12923841-02e2-420b-ad96-4ad94cd1fe4c	1d9fd21e-1ba8-4c39-aa2a-a5a94f2e2127
12923841-02e2-420b-ad96-4ad94cd1fe4c	f9ae1554-0724-4981-8111-9a9354da1a1b
cf762c7d-f4b0-4fd0-86c1-f3ed751d0d12	33991811-7e39-41e5-b6e8-59f935684951
cf762c7d-f4b0-4fd0-86c1-f3ed751d0d12	facef8de-a20f-42af-a755-9edaabf8973a
cf762c7d-f4b0-4fd0-86c1-f3ed751d0d12	d57d5993-9db1-41ef-a5a6-ede80949d533
cf762c7d-f4b0-4fd0-86c1-f3ed751d0d12	68df8a5e-4833-4032-bd3e-b861ea2cdba7
cf762c7d-f4b0-4fd0-86c1-f3ed751d0d12	80d3ec0c-6a8d-432e-944d-e8891af3cd8e
cf762c7d-f4b0-4fd0-86c1-f3ed751d0d12	10e2fc4d-cc83-4807-9fb7-2a745ea2ded7
b49a5ab9-2925-4aee-ba23-6a3f8a96e61d	9eb1c22e-7406-4718-9b96-b89fb2bff655
b49a5ab9-2925-4aee-ba23-6a3f8a96e61d	2325a9bf-dcd5-43f4-99ca-38d778f7419a
b49a5ab9-2925-4aee-ba23-6a3f8a96e61d	8fbc0fd9-c41c-4e92-a904-fda8f1dee286
b49a5ab9-2925-4aee-ba23-6a3f8a96e61d	d45004fc-ef5c-4b18-ab9e-5ea9ab520d50
b49a5ab9-2925-4aee-ba23-6a3f8a96e61d	b73a7c1b-4b2d-4c0a-bd54-06b76ff131a1
b49a5ab9-2925-4aee-ba23-6a3f8a96e61d	b3427c9a-f2e8-4b1e-874d-1d9392a90cca
7e4837a9-cdc7-499e-9212-87f791bd5c03	f968b02b-905f-4b99-8699-735c55f23751
7e4837a9-cdc7-499e-9212-87f791bd5c03	2b732092-385b-4d14-aaf3-28b35543bc41
7e4837a9-cdc7-499e-9212-87f791bd5c03	a140634a-4b9e-4fa8-96f1-681b4482b8a8
7e4837a9-cdc7-499e-9212-87f791bd5c03	4d85a9ad-3f9d-4305-8d8c-56f82df6bbcc
7e4837a9-cdc7-499e-9212-87f791bd5c03	0e25e942-f172-4637-a0cf-9f6d6c7abfb1
7e4837a9-cdc7-499e-9212-87f791bd5c03	bc20b20f-1d48-4d56-b615-05bc45d76fbf
7e4837a9-cdc7-499e-9212-87f791bd5c03	765314dc-8403-4b20-a60a-4e1f33511b0a
ebfa97ff-bd14-462f-8b78-b018fccfcef2	9bd130dc-7aa2-45c4-91c6-bba0f3a4db34
ebfa97ff-bd14-462f-8b78-b018fccfcef2	2d8b1f00-1248-45b1-91eb-d0dc9134ecc4
ebfa97ff-bd14-462f-8b78-b018fccfcef2	27c99179-0244-4cbb-b266-20f86cae7285
ebfa97ff-bd14-462f-8b78-b018fccfcef2	2d5ff792-49cb-4613-af18-56bd7365ce9b
ebfa97ff-bd14-462f-8b78-b018fccfcef2	5e2b1367-6a5b-4b3d-bb40-c7836778a271
ebfa97ff-bd14-462f-8b78-b018fccfcef2	5d208674-aaae-4771-8e57-277af08ad6b3
ebfa97ff-bd14-462f-8b78-b018fccfcef2	95907cc5-bb60-4075-9970-8289eb2b674d
ebfa97ff-bd14-462f-8b78-b018fccfcef2	9b668b9c-5fdb-4dbb-93b1-a55c9d69de1a
fb7af2af-4551-44cd-9124-adab7a35791e	426e8d40-f4cb-4ead-8361-523e356efa3a
fb7af2af-4551-44cd-9124-adab7a35791e	5f065d25-e0c2-4814-adbf-1ad890cc1983
fb7af2af-4551-44cd-9124-adab7a35791e	66cfbf30-fec5-48c3-8d09-c3e564a661f6
fb7af2af-4551-44cd-9124-adab7a35791e	efbc7488-5387-410e-9c15-dd2798a484e3
fb7af2af-4551-44cd-9124-adab7a35791e	92741ee1-3e61-4e0c-83f9-503141f13217
fb7af2af-4551-44cd-9124-adab7a35791e	d2062b05-5212-41da-8878-816384065e3c
fb7af2af-4551-44cd-9124-adab7a35791e	bac4a897-6dbb-47fd-afab-e6fdcf02ab28
7c2d2ac4-64cd-49dd-855b-d4c00a43160f	c7b04173-0a77-4d1d-a938-88d921a863b0
7c2d2ac4-64cd-49dd-855b-d4c00a43160f	5e99b253-5f41-4be1-aba9-6e102afc6fd2
7c2d2ac4-64cd-49dd-855b-d4c00a43160f	d4e15d51-153d-49f9-90ac-350a11acacb5
7c2d2ac4-64cd-49dd-855b-d4c00a43160f	88b18560-164a-485d-9a2a-fbc2d93a7021
7c2d2ac4-64cd-49dd-855b-d4c00a43160f	b146d139-c4b6-44b4-b109-b779d961901a
7c2d2ac4-64cd-49dd-855b-d4c00a43160f	d38e3d31-be43-49ee-b3d4-451c9a36cdc9
7c2d2ac4-64cd-49dd-855b-d4c00a43160f	74c53bd1-1802-41cf-af2f-159ec945e249
1471f945-cb49-4f19-b52c-d0111777783b	596df142-e3a0-4394-aa6f-3a5853957b6a
1471f945-cb49-4f19-b52c-d0111777783b	dcdf6c7e-161b-4dcc-9b06-212badb7592f
1471f945-cb49-4f19-b52c-d0111777783b	503189eb-322e-4f0d-9844-aa2bce4e1cda
1471f945-cb49-4f19-b52c-d0111777783b	ca0f6096-9470-40e0-a8ae-688ebddf983a
1471f945-cb49-4f19-b52c-d0111777783b	cfa9bf51-087e-4118-98b2-73788926a6d3
1471f945-cb49-4f19-b52c-d0111777783b	07c1f3d0-66a2-4ae1-bcfd-4d55ebcc047a
1471f945-cb49-4f19-b52c-d0111777783b	7211ba98-78c1-4a0b-88d7-2a0604f9eb81
1471f945-cb49-4f19-b52c-d0111777783b	d29ee91a-e0d7-4e6b-b2c8-ad20bfc4cd95
087f24ac-1977-4dea-9ff8-1a5b08a785b9	a9e63527-8aad-4488-a074-967a735ff106
087f24ac-1977-4dea-9ff8-1a5b08a785b9	2e3706a8-f04b-4397-9d36-a90bc5a01007
087f24ac-1977-4dea-9ff8-1a5b08a785b9	5a148867-102d-4c48-b146-1c433f5829ae
087f24ac-1977-4dea-9ff8-1a5b08a785b9	bc08589f-9c75-4b7c-97c3-88b38df958bd
087f24ac-1977-4dea-9ff8-1a5b08a785b9	ad154656-8924-40f2-9b63-32bb6cdb79d0
087f24ac-1977-4dea-9ff8-1a5b08a785b9	834b67e6-b9eb-4c6f-a4c3-f4432c4f8528
087f24ac-1977-4dea-9ff8-1a5b08a785b9	9a0aee23-a1b6-47cb-92f3-a75924d66bba
087f24ac-1977-4dea-9ff8-1a5b08a785b9	d1335578-8486-44ca-99d1-a854b9dcda1d
087f24ac-1977-4dea-9ff8-1a5b08a785b9	11ef50aa-f234-4e4e-be68-8798168d461f
1260dd78-1e92-4cb7-a316-da6b3a888ed8	fd62cba6-2e6b-4018-9109-30fe3c69aaf6
1260dd78-1e92-4cb7-a316-da6b3a888ed8	b97ee6ca-9ace-480e-b96b-8875108c75e7
1260dd78-1e92-4cb7-a316-da6b3a888ed8	0a313efb-f9b5-4034-abb2-3dc058803e1d
1260dd78-1e92-4cb7-a316-da6b3a888ed8	a0910446-a689-450b-9fba-35f29a4781ba
1260dd78-1e92-4cb7-a316-da6b3a888ed8	1ed946bf-f218-4f0e-9e93-34b12a03a830
1260dd78-1e92-4cb7-a316-da6b3a888ed8	173e380e-6b66-4b18-a626-ce434c4f42f4
1260dd78-1e92-4cb7-a316-da6b3a888ed8	7d779514-5548-40ce-885f-94bada89e661
1260dd78-1e92-4cb7-a316-da6b3a888ed8	016e75f5-5d0b-436c-bd84-3391b1630d3f
1260dd78-1e92-4cb7-a316-da6b3a888ed8	26341d5c-f384-4032-9bf2-e8eb49bc9e10
4c621033-a073-4057-8595-9cbcbdd45723	d54e798f-69f7-417f-abe6-97d1bc7ab3cc
4c621033-a073-4057-8595-9cbcbdd45723	6b26ecdc-3690-4f9c-a285-de2f02e1d075
4c621033-a073-4057-8595-9cbcbdd45723	ca63352c-d143-4058-8afc-6a7e73787527
4c621033-a073-4057-8595-9cbcbdd45723	02e9e7da-61b2-4daf-ae4c-445810762034
4c621033-a073-4057-8595-9cbcbdd45723	ef722f95-3dbe-4fda-b426-691a1d1ac87c
4c621033-a073-4057-8595-9cbcbdd45723	f1e3a285-25bb-455d-8be6-d87b7d4d4563
4c621033-a073-4057-8595-9cbcbdd45723	1c25727e-ef87-480d-bcff-05541a0692a1
4c621033-a073-4057-8595-9cbcbdd45723	94ef114c-c40b-4738-b220-85d6d8c05623
4c621033-a073-4057-8595-9cbcbdd45723	9a1dae85-7265-4413-a64c-a4613fa0c450
afe31371-72df-4b8c-b6fb-dfa244c8e831	5e4a7d8a-75f7-4c23-b6dc-b5a282eaa684
afe31371-72df-4b8c-b6fb-dfa244c8e831	22081b5d-aec9-4ae4-be80-d2a9d121d51c
afe31371-72df-4b8c-b6fb-dfa244c8e831	1ff49582-27c8-441a-a346-30453182ad85
afe31371-72df-4b8c-b6fb-dfa244c8e831	7286940d-e6dc-42ef-a5dd-7a398f2b255f
afe31371-72df-4b8c-b6fb-dfa244c8e831	2203a849-0078-482a-822b-faa18e89cd6e
afe31371-72df-4b8c-b6fb-dfa244c8e831	f1096cde-faac-4c63-bc1b-14593cca335b
afe31371-72df-4b8c-b6fb-dfa244c8e831	9ba4ab4f-65ee-4092-83cc-e85fb9ee5453
afe31371-72df-4b8c-b6fb-dfa244c8e831	b4a08d23-eeac-4aca-9c45-78d55595aa4b
afe31371-72df-4b8c-b6fb-dfa244c8e831	007a4c26-9fdf-4374-907c-4eeec748dabe
5157fed5-c385-4a6f-87a9-f9fb5e1880f8	428703fc-0678-4b9a-975b-13cddd7b21df
5157fed5-c385-4a6f-87a9-f9fb5e1880f8	b0b8504b-3549-43c5-acdf-c5ac77e2737c
5157fed5-c385-4a6f-87a9-f9fb5e1880f8	13d7d5ea-fb32-4605-9163-f4a67264abaf
5157fed5-c385-4a6f-87a9-f9fb5e1880f8	46a72380-7751-455f-8db2-8999cd26be77
5157fed5-c385-4a6f-87a9-f9fb5e1880f8	a22b394b-0e5e-496c-a4da-55776f7cf3b2
5157fed5-c385-4a6f-87a9-f9fb5e1880f8	ec9d1409-2308-4972-9ef9-4d81df144eba
5157fed5-c385-4a6f-87a9-f9fb5e1880f8	0d9602cc-bbba-44a4-8d4b-19beb231e3ec
5157fed5-c385-4a6f-87a9-f9fb5e1880f8	11f83d15-bcec-407f-ace7-6c3138e89d20
5157fed5-c385-4a6f-87a9-f9fb5e1880f8	6e4c7fcd-7d5b-4033-b412-5a898e36e535
5157fed5-c385-4a6f-87a9-f9fb5e1880f8	a13e6626-5dc4-41a0-9c4b-8412b7ccb4ec
1e24325c-1529-41b3-98e9-3b9dae4b9d05	5001cf3b-77da-487f-a382-0c8651248159
1e24325c-1529-41b3-98e9-3b9dae4b9d05	849c5a71-2584-4fa5-97ce-993bbfcc6a99
1e24325c-1529-41b3-98e9-3b9dae4b9d05	cafcdbfe-c41d-499b-a0b4-b9543084a58a
1d036de5-68b0-4091-a8fe-37358791c48d	183c10d3-14e2-4cb7-a9e1-8fc376145b20
1d036de5-68b0-4091-a8fe-37358791c48d	5b10e0e4-47aa-4b3e-ad6f-0bc247111bbe
1d036de5-68b0-4091-a8fe-37358791c48d	17df5edb-6409-4b45-ad36-75e3b1c59e29
1d036de5-68b0-4091-a8fe-37358791c48d	7b41f95c-6f31-45b5-9223-15907a1d8e5d
db35a9ae-65b9-40ea-9709-350deeb4e5a6	ea8b2e4e-1ea9-4182-8dc3-4767e03efef6
db35a9ae-65b9-40ea-9709-350deeb4e5a6	8b8afaf2-92b7-49b5-8e74-3c00b5198293
db35a9ae-65b9-40ea-9709-350deeb4e5a6	bca901cf-e88e-4cfd-b499-b79e81000e65
b9898cf9-868d-42bf-aab2-e5d0b2b09534	8f423420-0864-4116-8f84-e6e54f2a2199
b9898cf9-868d-42bf-aab2-e5d0b2b09534	632ddcfe-018f-478a-8987-3c6438319de8
b9898cf9-868d-42bf-aab2-e5d0b2b09534	975e1df1-668b-4d13-9cdf-c3ae3aaec770
b9898cf9-868d-42bf-aab2-e5d0b2b09534	aac5772f-014f-45b1-b8bc-fe4dde7e09a1
b9898cf9-868d-42bf-aab2-e5d0b2b09534	3e4f9a81-1b34-40a1-a791-0230a2f894bb
0672ca34-3640-4120-b647-ee11b91fb34d	ef15e40c-7742-4e2f-af46-a81192ca8909
0672ca34-3640-4120-b647-ee11b91fb34d	4148c97e-4777-4e74-a1bd-c2c5a90feb6d
0672ca34-3640-4120-b647-ee11b91fb34d	7aa29a45-7c73-4463-8081-dfc2d74c5092
0672ca34-3640-4120-b647-ee11b91fb34d	5363b490-a7a5-44b2-8bf0-e993ac9da45f
0672ca34-3640-4120-b647-ee11b91fb34d	105a1f9c-f604-4d08-8e09-ecf81e59fb58
0672ca34-3640-4120-b647-ee11b91fb34d	c4a784bc-00b2-44ac-b544-ca3cc3b02293
0672ca34-3640-4120-b647-ee11b91fb34d	8ae35683-5861-4f88-ae81-ba962b85b9f1
cb94acb0-fd41-4408-8597-902b815aede6	d6e04aad-5f05-435e-9479-98dd703afaf0
cb94acb0-fd41-4408-8597-902b815aede6	80b7b8db-2f72-4cec-a6f1-af9e23a5f636
cb94acb0-fd41-4408-8597-902b815aede6	9dc2fbaf-3e92-4061-9887-30ed47ab023b
cb94acb0-fd41-4408-8597-902b815aede6	05985acd-1fd1-4161-9aac-4e46964098c8
cb94acb0-fd41-4408-8597-902b815aede6	0b6ba546-6d85-4c23-bb77-0e8fa8afd10a
faf33f8d-0815-4fe2-90b0-8f24b3512ad2	7c3cd366-74d2-4640-8f12-25a4865e03ff
faf33f8d-0815-4fe2-90b0-8f24b3512ad2	096fd006-1789-49b8-9fe4-6206c67df222
faf33f8d-0815-4fe2-90b0-8f24b3512ad2	2f4d085e-59bc-4efb-970b-1fcbec5e1485
faf33f8d-0815-4fe2-90b0-8f24b3512ad2	e6de9bac-f284-408a-9818-c5863d695101
faf33f8d-0815-4fe2-90b0-8f24b3512ad2	8c880aaf-159f-4e9d-b29a-c49d49db7065
faf33f8d-0815-4fe2-90b0-8f24b3512ad2	8f30d774-3f24-4727-b57f-9d04c722e2ca
faf33f8d-0815-4fe2-90b0-8f24b3512ad2	d19d371f-8ad5-4384-85f5-51b6e9381494
faf33f8d-0815-4fe2-90b0-8f24b3512ad2	11863354-c218-4290-964c-de687b9ca1da
faf33f8d-0815-4fe2-90b0-8f24b3512ad2	f86939ae-fedf-4525-bb24-9c9b6ff370f7
b3ded87d-acac-4b31-be6e-07bb04404103	34077e6f-e452-4bf3-ae73-8206837e7fed
b3ded87d-acac-4b31-be6e-07bb04404103	b5fd74b2-8b12-453a-9be6-54c31cbcaca2
b3ded87d-acac-4b31-be6e-07bb04404103	688d7ac6-4d2b-46e0-a2fa-fadc178044d4
b3ded87d-acac-4b31-be6e-07bb04404103	4a43c338-af92-4722-a46e-d14090d2075e
b3ded87d-acac-4b31-be6e-07bb04404103	c5bd102e-e759-4005-8d0a-b9978e92c8d7
b3ded87d-acac-4b31-be6e-07bb04404103	6de8d31f-b7cb-45a7-a864-0c72115c8f37
b3ded87d-acac-4b31-be6e-07bb04404103	a04ca58c-51c8-46e9-843c-2f5e0e2bea3c
b3ded87d-acac-4b31-be6e-07bb04404103	58906ce5-6ac9-4ef2-bc21-72d115924dbe
b3ded87d-acac-4b31-be6e-07bb04404103	d7959e9d-3bd6-45f3-9ed1-ac4b8327f162
25c9f391-ae91-4704-bdde-0a148a126fa9	38e819b3-d29f-4198-b491-a46a5278ea01
25c9f391-ae91-4704-bdde-0a148a126fa9	32060ffe-1d92-40b4-9bbb-782416c2bd14
25c9f391-ae91-4704-bdde-0a148a126fa9	daf68a85-c9ca-44ea-938c-3103b6456648
25c9f391-ae91-4704-bdde-0a148a126fa9	44597b36-25ed-4149-89fb-d73906969ff6
25c9f391-ae91-4704-bdde-0a148a126fa9	b94de50a-1ab5-412b-9cc0-ccc4c8457cd1
25c9f391-ae91-4704-bdde-0a148a126fa9	1979ec73-0524-42dc-b536-4c5b214d80d4
25c9f391-ae91-4704-bdde-0a148a126fa9	1dd33d4c-c4c6-4510-89bd-c7e9192a1a86
25c9f391-ae91-4704-bdde-0a148a126fa9	f21be9e8-006b-4697-9a3c-2c48b9a38660
3203a403-bb3e-4da0-9707-38a522676d41	fa178cc8-7302-48a0-a0be-81cd72045498
3203a403-bb3e-4da0-9707-38a522676d41	a853ef71-2026-4a33-aae8-40c8b38da84c
3203a403-bb3e-4da0-9707-38a522676d41	4399b5c5-e7f9-4b2b-8f99-4dbbed3a19ef
3203a403-bb3e-4da0-9707-38a522676d41	0f999b86-c0e9-4104-b963-21e140a84f56
3203a403-bb3e-4da0-9707-38a522676d41	19d262b2-6ffc-4934-b294-a4b763e97232
3203a403-bb3e-4da0-9707-38a522676d41	0f353284-7ef6-4cda-b17b-6ae1669e06d8
3203a403-bb3e-4da0-9707-38a522676d41	474600d2-3c50-450e-8f1d-98dfc2700b27
9726a175-9a7b-438c-92e7-3b36b8353ef6	8d160256-9c5b-40fb-9c7c-1722e8728a54
9726a175-9a7b-438c-92e7-3b36b8353ef6	510d04ae-49c8-4f36-8bd5-98eb51ac22bc
9726a175-9a7b-438c-92e7-3b36b8353ef6	f4f85401-a331-4bc5-81e7-5e27d2a0f9ef
9726a175-9a7b-438c-92e7-3b36b8353ef6	7e04bdc0-62f8-4bb4-becf-31d18c15e064
9726a175-9a7b-438c-92e7-3b36b8353ef6	d7130695-b655-40d2-82f2-afaedd0bc445
9726a175-9a7b-438c-92e7-3b36b8353ef6	d84aacef-90a5-4497-b42c-bdeb8f60258d
9726a175-9a7b-438c-92e7-3b36b8353ef6	373bcfce-5669-454d-8567-20f938354e0e
9726a175-9a7b-438c-92e7-3b36b8353ef6	d9c2577c-d0e3-49d0-8e1c-b39d5bcdf948
9726a175-9a7b-438c-92e7-3b36b8353ef6	6093165a-2bf9-4429-b794-9f7179e1ea50
9726a175-9a7b-438c-92e7-3b36b8353ef6	17c7f119-0e03-46a3-a79e-b02a8b3ad587
0e28c0fd-7512-4113-ba19-1a901dc1b56f	b36c97eb-32bc-438e-adc1-ee63fffe9fd7
0e28c0fd-7512-4113-ba19-1a901dc1b56f	0cf03ed4-ee8f-49e2-8b2c-c5455be16814
0e28c0fd-7512-4113-ba19-1a901dc1b56f	9fcac4ca-58f8-4c42-8aa7-c9e33da21f75
0e28c0fd-7512-4113-ba19-1a901dc1b56f	4f531917-8cce-425b-835a-b9b35ba30389
0e28c0fd-7512-4113-ba19-1a901dc1b56f	0c1355da-da03-4ecc-ae6f-43fa0a0668d2
0e28c0fd-7512-4113-ba19-1a901dc1b56f	20b99498-328f-447e-a08c-562f90131fdf
0e28c0fd-7512-4113-ba19-1a901dc1b56f	209b787d-b1c1-4ffd-89c8-6b3ad771704e
0e28c0fd-7512-4113-ba19-1a901dc1b56f	25a73bd8-eef2-4ca0-8d6a-4ecc38bdd64d
0e28c0fd-7512-4113-ba19-1a901dc1b56f	b4eaae11-0095-4e62-917b-9cf101ba55eb
76a7efa5-6cbe-4f93-b22d-51007e2ad18d	74067d89-eb3a-454a-bc0f-7a8a4cb7d31d
76a7efa5-6cbe-4f93-b22d-51007e2ad18d	782f4513-459e-4a57-937e-c6d24ec8b7dd
76a7efa5-6cbe-4f93-b22d-51007e2ad18d	20f0896a-0d8a-4bf6-8da8-703718360c8f
76a7efa5-6cbe-4f93-b22d-51007e2ad18d	a2de08a8-5210-45fc-b6c4-efc8a6712922
76a7efa5-6cbe-4f93-b22d-51007e2ad18d	29693b0d-4292-4436-812c-707996064c04
76a7efa5-6cbe-4f93-b22d-51007e2ad18d	a6be8e67-ac1e-490d-a743-8c8220b955ea
76a7efa5-6cbe-4f93-b22d-51007e2ad18d	7a8051cf-9d1c-46bf-aa47-c91135a537f9
76a7efa5-6cbe-4f93-b22d-51007e2ad18d	1460fb7b-d973-4ac1-824a-b73c0fb74d96
76a7efa5-6cbe-4f93-b22d-51007e2ad18d	bb890f2d-f21b-46a7-b7ef-95120d38fe1f
76a7efa5-6cbe-4f93-b22d-51007e2ad18d	53ed2e00-b540-4d8f-890d-3fc56bf801b5
6388b57a-25cf-40be-80a6-01b7c23a850d	a5aaf1b9-2d06-4d15-bdb1-417aeaca70aa
6388b57a-25cf-40be-80a6-01b7c23a850d	d19339e5-4b08-4b93-b6de-34435e274fcc
6388b57a-25cf-40be-80a6-01b7c23a850d	74893bdb-ed38-422b-b195-26ca8ed4cce1
6388b57a-25cf-40be-80a6-01b7c23a850d	61977b17-0f23-4af0-bd5a-01a1efd0b173
6388b57a-25cf-40be-80a6-01b7c23a850d	94f82d4a-ffe6-4cc4-b747-e585d27b21cf
6388b57a-25cf-40be-80a6-01b7c23a850d	79cd81fb-4b80-4938-a204-268a341679b4
6388b57a-25cf-40be-80a6-01b7c23a850d	66043250-7447-47c0-aea0-6c792be4b57a
6388b57a-25cf-40be-80a6-01b7c23a850d	580b1000-2918-4f4a-9f7d-ca267e03806b
6388b57a-25cf-40be-80a6-01b7c23a850d	18a5e5ea-b389-4e16-9e6f-64036be35054
6388b57a-25cf-40be-80a6-01b7c23a850d	c1f2c44e-c418-4bab-9241-34edd6668e2d
d8d648dd-ea99-4943-98e6-e3f054ab4b2b	af088845-96e3-41f2-8cc5-8bbf229c66b1
d8d648dd-ea99-4943-98e6-e3f054ab4b2b	7402e24e-73b9-464d-b70e-e4f929b7ff3d
d8d648dd-ea99-4943-98e6-e3f054ab4b2b	ffa83b0b-2754-493e-91ec-a04fb552894a
d8d648dd-ea99-4943-98e6-e3f054ab4b2b	530d4a21-2211-40bd-9425-8e7d1ab201af
d8d648dd-ea99-4943-98e6-e3f054ab4b2b	767e30fa-6738-4b19-827d-01c5b7ac22e1
7a51b67d-73ef-4cd1-aee6-d04268da5ffb	e35c42db-856e-44a1-9fa6-d841ff189f79
7a51b67d-73ef-4cd1-aee6-d04268da5ffb	3ff34f89-fb63-49d1-bf50-dde93683ebf5
7a51b67d-73ef-4cd1-aee6-d04268da5ffb	f467b3f4-5152-4669-a196-d2489d8a6d2d
919e10f1-44ae-4d17-b812-a9e788dec4d0	03658ea5-90b3-4e10-8853-8d7aea1f916c
919e10f1-44ae-4d17-b812-a9e788dec4d0	7dca7280-6067-461a-9447-1bd3cb51cda1
919e10f1-44ae-4d17-b812-a9e788dec4d0	2072a694-b97b-4f3b-9c8e-d3b14e4719d3
919e10f1-44ae-4d17-b812-a9e788dec4d0	70bed35d-c83a-4b74-bc07-ac8b0ad05e6c
8762dfe7-f877-4214-af2d-cedb8ea7e83b	1847578e-6c16-4ab0-838f-31a9f5d7a384
8762dfe7-f877-4214-af2d-cedb8ea7e83b	87a14082-97bc-4180-ba92-df48cebf2001
8762dfe7-f877-4214-af2d-cedb8ea7e83b	2d2f370c-63de-4bd7-b1be-9b8038ed8cc5
8762dfe7-f877-4214-af2d-cedb8ea7e83b	85473119-c878-4af0-9c69-b92300b5c652
8762dfe7-f877-4214-af2d-cedb8ea7e83b	cf63452a-a8b3-47cd-bc11-29c1de40c166
44693f71-7c36-4314-ac1b-f327ae27d8b7	ce2a10b6-7c97-47e1-890a-d5b55edf0f61
44693f71-7c36-4314-ac1b-f327ae27d8b7	94241431-a7da-4a6a-8fab-7daf12517bd2
44693f71-7c36-4314-ac1b-f327ae27d8b7	7fe6741f-6197-4fc7-a407-c6e946dcfcda
44693f71-7c36-4314-ac1b-f327ae27d8b7	7b8dc552-21de-4f02-8630-49cc4e33f5a5
a6372896-fbd0-417b-a81a-f57ac65d9272	c72fac51-720b-459e-b8df-be8add7b1400
a6372896-fbd0-417b-a81a-f57ac65d9272	91d9cb11-c84d-4671-8b78-11498ed2b561
a6372896-fbd0-417b-a81a-f57ac65d9272	902048e1-cdfa-46c5-89a0-f13476a1dd29
a6372896-fbd0-417b-a81a-f57ac65d9272	455b7b1c-6c51-47c1-aaec-81db4a455c19
a6372896-fbd0-417b-a81a-f57ac65d9272	f784e64b-8ee5-41e7-b698-e295fd49bb0f
a6372896-fbd0-417b-a81a-f57ac65d9272	53f9fbf7-18e6-4303-a7a9-6e52e16d8a1f
a6372896-fbd0-417b-a81a-f57ac65d9272	49a15a10-7cc8-4bbc-bf6b-28de2dfa5dc3
c625bf3f-bb4e-4c0c-8ca0-ccdcc717c299	9b692410-f3d1-4892-a0ea-af5f5e7cd299
c625bf3f-bb4e-4c0c-8ca0-ccdcc717c299	65b832b7-80f0-4949-9943-b35343ad95eb
c625bf3f-bb4e-4c0c-8ca0-ccdcc717c299	04461160-35ca-4c1d-92fc-69f86605078b
c625bf3f-bb4e-4c0c-8ca0-ccdcc717c299	107d64cf-47e6-449e-874a-47093321528f
c625bf3f-bb4e-4c0c-8ca0-ccdcc717c299	b91d319a-fc8e-4da4-b83f-6f8370b43af2
c625bf3f-bb4e-4c0c-8ca0-ccdcc717c299	a8177d31-6185-4c19-b9ba-2ae27b1e5c5c
c625bf3f-bb4e-4c0c-8ca0-ccdcc717c299	32c6b4f9-7fcd-4895-b268-01d5f4c7758a
c625bf3f-bb4e-4c0c-8ca0-ccdcc717c299	6de9dd1a-4f4f-406d-9ea1-e23d16bb936c
f65dee4c-0527-4967-8d54-9ea91acc27cb	a7b79c64-3d05-4adf-881f-42e92a5bf3e3
f65dee4c-0527-4967-8d54-9ea91acc27cb	9f9cb4c0-7f4b-4b53-b42f-2e3f4ddacae9
f65dee4c-0527-4967-8d54-9ea91acc27cb	102b3b16-bb89-4066-acee-6095ecace735
f65dee4c-0527-4967-8d54-9ea91acc27cb	acc4f680-d644-46a3-8497-4ccbb2d6b4bc
f65dee4c-0527-4967-8d54-9ea91acc27cb	296aa2d3-33a5-4f83-8e23-dab91bbb2ffe
f65dee4c-0527-4967-8d54-9ea91acc27cb	c7f30820-7a00-4850-b1e8-10e26fab8b2d
f65dee4c-0527-4967-8d54-9ea91acc27cb	3b763b7c-dc2c-44d2-b917-925a9387b41e
f65dee4c-0527-4967-8d54-9ea91acc27cb	ccac4312-d4be-4712-8721-88fdb4bbd0b8
4542e95e-b893-4c8a-8956-71c86e35d27f	f2f8bcd1-569c-4dde-a905-c0450248e8a5
4542e95e-b893-4c8a-8956-71c86e35d27f	16bfd5f0-46bb-489c-9262-5f5e849030d3
4542e95e-b893-4c8a-8956-71c86e35d27f	b196fb15-bc7b-4a09-9977-c47e35087c34
4542e95e-b893-4c8a-8956-71c86e35d27f	79b92065-f0f8-4417-86b6-8518428e0005
4542e95e-b893-4c8a-8956-71c86e35d27f	e1189a19-034c-4621-8c05-0443d9ab9525
4542e95e-b893-4c8a-8956-71c86e35d27f	3f3bd0f3-d68d-4eca-9ace-df2fbf5ea035
4542e95e-b893-4c8a-8956-71c86e35d27f	d1ea1af4-cdc6-4900-94e5-f025a554a80f
29395026-9232-4d00-8f61-1bc4fb5ba22a	6550d857-26fb-475d-810a-ee14baa0bc4a
29395026-9232-4d00-8f61-1bc4fb5ba22a	51fba542-e5f8-4a34-8c38-3539a6ff877c
29395026-9232-4d00-8f61-1bc4fb5ba22a	2b5d5ff4-1e28-4c0f-bf23-9be3060238d2
29395026-9232-4d00-8f61-1bc4fb5ba22a	b940c539-565a-473d-b45e-e23dbbf8b596
29395026-9232-4d00-8f61-1bc4fb5ba22a	9f119f15-e548-4495-9762-774f32ebdb71
29395026-9232-4d00-8f61-1bc4fb5ba22a	e06c10ef-e319-4ae0-b29d-ac6050143a51
29395026-9232-4d00-8f61-1bc4fb5ba22a	cf19bda2-fc2b-4d18-95d1-913f1670510d
29395026-9232-4d00-8f61-1bc4fb5ba22a	0b07e720-f562-41f9-bd93-e3a621fbeae6
29395026-9232-4d00-8f61-1bc4fb5ba22a	278724b5-86eb-451d-9e41-c63afe52a372
28453e62-b496-4842-a11b-8759a99249c3	e9fee6f9-29d5-4a7c-a2a1-025e3f97399f
28453e62-b496-4842-a11b-8759a99249c3	3e12deb8-c016-42ba-9d4e-29a70733d3cd
28453e62-b496-4842-a11b-8759a99249c3	64aabfa9-5c53-4108-93c8-fde6c888e864
28453e62-b496-4842-a11b-8759a99249c3	92198acb-b20f-47b7-bf0c-135e839863dc
28453e62-b496-4842-a11b-8759a99249c3	c243ea19-1fbd-4619-aab2-df0269f368c0
28453e62-b496-4842-a11b-8759a99249c3	37d9a215-d0ed-4a84-a838-280858fb9828
28453e62-b496-4842-a11b-8759a99249c3	0b88d777-0f75-4e27-8590-d83445e591d7
28453e62-b496-4842-a11b-8759a99249c3	bee82c90-105f-431a-8fb0-593d3a52f760
a1c70cb3-ec91-42b4-b4be-5c9368cfe647	11722d8a-5381-4601-a073-928f817215a3
a1c70cb3-ec91-42b4-b4be-5c9368cfe647	ffcef312-89fe-42ac-a084-4de46a7b3bc4
a1c70cb3-ec91-42b4-b4be-5c9368cfe647	7178cf00-ad2d-4736-bfa0-36e859c23dd2
a1c70cb3-ec91-42b4-b4be-5c9368cfe647	9289c587-10dc-4a81-a05a-00e5e1ce6e23
a1c70cb3-ec91-42b4-b4be-5c9368cfe647	f68bb495-811c-458c-94c6-bf303b0f61b7
a1c70cb3-ec91-42b4-b4be-5c9368cfe647	364165b5-a630-4458-86b8-776baa2e9629
a1c70cb3-ec91-42b4-b4be-5c9368cfe647	7c11e9b8-3770-40be-b99d-591e822742ad
a1c70cb3-ec91-42b4-b4be-5c9368cfe647	c3e1ae98-b79f-4772-92f8-72504e2b166f
a1c70cb3-ec91-42b4-b4be-5c9368cfe647	15fec536-cc06-46df-8cfd-57dbd55d8e70
561f75b9-ddee-47e8-b26f-5c101ef720df	c7dbba05-5d43-4b66-bbcb-2323531e1787
561f75b9-ddee-47e8-b26f-5c101ef720df	109c2680-3201-468d-bb0c-0af6055dcf2b
561f75b9-ddee-47e8-b26f-5c101ef720df	e80922d9-9f1f-4a1a-8c3f-b8436949c6fd
561f75b9-ddee-47e8-b26f-5c101ef720df	2733b27c-a2db-464b-9109-ed6b6a3d4158
561f75b9-ddee-47e8-b26f-5c101ef720df	e2ad0498-a3d9-4e14-84af-8ea7a58589a3
561f75b9-ddee-47e8-b26f-5c101ef720df	bd9d7e9d-8431-4f4c-b0f6-ba4b5c3113c3
561f75b9-ddee-47e8-b26f-5c101ef720df	c855c5a7-9574-456d-9bcb-6de449861392
561f75b9-ddee-47e8-b26f-5c101ef720df	ded6f11a-a17d-4d38-bf39-00b4837a26f7
561f75b9-ddee-47e8-b26f-5c101ef720df	cb4bb376-f9b8-45bc-a711-86640b567280
561f75b9-ddee-47e8-b26f-5c101ef720df	e55925eb-22a5-4213-8627-fc730e1e0e3c
994b886b-190e-467f-adbf-b6ab1cf5b914	29cea8a2-17dd-4585-a008-b956a855c12f
994b886b-190e-467f-adbf-b6ab1cf5b914	f7781ec0-f287-4a77-b008-bef5d7d9eb3c
994b886b-190e-467f-adbf-b6ab1cf5b914	728a08af-fc9b-4365-bab9-37af61e901fe
994b886b-190e-467f-adbf-b6ab1cf5b914	5d4bae0d-5e21-46b1-b5bc-6a3b1647ba1d
994b886b-190e-467f-adbf-b6ab1cf5b914	9f7b7347-9657-4fe5-b819-3266d5e15d64
994b886b-190e-467f-adbf-b6ab1cf5b914	ca40e795-e31b-48dd-9afa-7f2ac5e67929
994b886b-190e-467f-adbf-b6ab1cf5b914	64c389ce-f408-4a32-b7c4-df9999c35cf3
994b886b-190e-467f-adbf-b6ab1cf5b914	488548e7-b9c3-4f6a-af01-daa7e217807a
994b886b-190e-467f-adbf-b6ab1cf5b914	48b10458-26cd-45f5-a4d5-d497018fe00d
994b886b-190e-467f-adbf-b6ab1cf5b914	e39ce769-9a28-4113-9285-158646630ab7
36c34648-908c-4700-a20c-4f3d7963858f	2824fec1-0e2c-464e-9192-6a058a540bea
36c34648-908c-4700-a20c-4f3d7963858f	99f483bb-0f7d-4109-a73d-8d78c89ac027
36c34648-908c-4700-a20c-4f3d7963858f	c2a2033d-f5c6-4cc9-8bcd-3abbabcc1349
36c34648-908c-4700-a20c-4f3d7963858f	1504fa59-be1a-4138-bae7-9febdb43338a
36c34648-908c-4700-a20c-4f3d7963858f	0c289a65-0c3a-4d49-b970-f89f6f1bd97a
36c34648-908c-4700-a20c-4f3d7963858f	24bf00c3-f5f2-46c8-81f9-4cf8159c17fc
36c34648-908c-4700-a20c-4f3d7963858f	9161e469-d8da-40d4-9408-abf83526f6dc
36c34648-908c-4700-a20c-4f3d7963858f	7da441bc-39c5-4e6b-93a9-c7fdb0f95e58
36c34648-908c-4700-a20c-4f3d7963858f	63993f31-c861-4f5d-952c-569878d3d240
57cbc12c-8d3b-4072-93e8-baaeeeb3b557	b2545ade-3c2e-4543-8070-140b318fe8fb
cbdbd656-0e19-42ca-b32b-c292fef03dc2	90d5faaa-0b97-40b8-baaf-fa3dd93e7465
cbdbd656-0e19-42ca-b32b-c292fef03dc2	9f3faadb-7cb9-498c-ba11-807917aa6a5f
cbdbd656-0e19-42ca-b32b-c292fef03dc2	93d3ee92-d5b5-46e3-ad37-c59c3e5b4a00
cbdbd656-0e19-42ca-b32b-c292fef03dc2	c110f00e-57a5-48e0-8720-d9fdd38cd274
cbdbd656-0e19-42ca-b32b-c292fef03dc2	9522bf94-ee0e-4bc9-aa04-dbd86a20d2d1
cbdbd656-0e19-42ca-b32b-c292fef03dc2	39222b72-6481-44c2-9d10-624e6b5fce55
cbdbd656-0e19-42ca-b32b-c292fef03dc2	8559897d-b2da-41d6-a7fb-62fb9b5a52e0
cbdbd656-0e19-42ca-b32b-c292fef03dc2	58908ab8-d0c2-4e80-a7cf-674450c76666
cbdbd656-0e19-42ca-b32b-c292fef03dc2	51018808-5e10-4bce-9081-e53cd8ce1109
cbdbd656-0e19-42ca-b32b-c292fef03dc2	683ea55c-c569-4980-b207-77d6d62657a8
8459f50e-5a6c-4506-b781-4cee981fafba	873ba3d5-dc0b-4769-b300-dcdf047d0629
8459f50e-5a6c-4506-b781-4cee981fafba	c41705ef-43f8-4ae2-accf-75e17ba40a60
8459f50e-5a6c-4506-b781-4cee981fafba	f41bde0b-d5ec-43ce-87e2-bffc588678b7
8459f50e-5a6c-4506-b781-4cee981fafba	389e1e7e-4e6f-426c-bca0-a30460e777f0
8459f50e-5a6c-4506-b781-4cee981fafba	70c46200-c570-4b38-aec0-15be20044c21
8459f50e-5a6c-4506-b781-4cee981fafba	619fb0fe-790f-4d56-aa49-874cb971991e
8459f50e-5a6c-4506-b781-4cee981fafba	446f934c-3ae4-4572-ae5c-6a26c41f0d45
8459f50e-5a6c-4506-b781-4cee981fafba	33f442ca-fa61-44ee-9eec-37e884ff4613
8459f50e-5a6c-4506-b781-4cee981fafba	879c6b74-2afd-4c62-955a-6a2251e52a88
8459f50e-5a6c-4506-b781-4cee981fafba	42eac34f-4894-4a8a-a561-c8e5b9604011
51f0731b-4fa4-47e2-9bd4-b7dbcd17ba0a	3fdc81f5-6d65-4f05-9325-86f7ecdfef80
51f0731b-4fa4-47e2-9bd4-b7dbcd17ba0a	8990836b-5d7b-45ff-8761-df3173d4d6f6
51f0731b-4fa4-47e2-9bd4-b7dbcd17ba0a	b1be6b44-1209-4dc2-a799-5404ed217ac1
51f0731b-4fa4-47e2-9bd4-b7dbcd17ba0a	13e7109f-c460-4686-8a23-e004e721c58b
51f0731b-4fa4-47e2-9bd4-b7dbcd17ba0a	3e027282-e829-441a-a523-2b10c3f64bbc
75cfd682-1169-4117-87a2-9eee312c000f	69b26141-3fa2-4ae6-be00-811f372bee8c
75cfd682-1169-4117-87a2-9eee312c000f	25bb88dc-09c2-437b-8912-dab63b14d0ae
75cfd682-1169-4117-87a2-9eee312c000f	31698915-2c27-4861-9129-3df9ce6d5baf
75cfd682-1169-4117-87a2-9eee312c000f	7b2761e1-cbcf-4eb7-8165-037e638f767d
75cfd682-1169-4117-87a2-9eee312c000f	2e381bfc-2f2d-406b-a06f-606fe922653b
75cfd682-1169-4117-87a2-9eee312c000f	42f20765-eef8-46da-8218-49b673164e66
75cfd682-1169-4117-87a2-9eee312c000f	84da7b0c-0a19-4505-b644-c87c9e1ae620
75cfd682-1169-4117-87a2-9eee312c000f	0bac8b64-ff63-4d24-a07e-d73b7865283e
75cfd682-1169-4117-87a2-9eee312c000f	6ff3c140-70ac-4d87-b51b-1c6accb808da
7b816ce5-81d8-46d0-8906-66396b5d3b70	7dc83edc-b89c-4689-b052-00c9c924de12
7b816ce5-81d8-46d0-8906-66396b5d3b70	1be2511e-31f0-4dea-8e3a-a9eeaa4e6825
7b816ce5-81d8-46d0-8906-66396b5d3b70	7289e638-05f4-4f21-8b1c-d90772bfe92e
7b816ce5-81d8-46d0-8906-66396b5d3b70	2fb26e81-e61c-4303-aae7-2f1a802c6bdd
7b816ce5-81d8-46d0-8906-66396b5d3b70	e5a5e03e-565d-4bf9-9586-517a36d702c0
7b816ce5-81d8-46d0-8906-66396b5d3b70	80b3ba38-92ea-4d6e-8820-e3b59616d317
7b816ce5-81d8-46d0-8906-66396b5d3b70	360f819d-ca13-4f99-b98c-ae84b0d8acfc
7b816ce5-81d8-46d0-8906-66396b5d3b70	ae9446bd-23a8-446d-912a-05650eeb3c97
7b816ce5-81d8-46d0-8906-66396b5d3b70	4e5dabcc-1469-4024-a8ff-c093a9366ece
d088ab69-a1e7-438f-a965-4e3334860909	93b39d54-09d1-4042-a186-06ebfdc43424
d088ab69-a1e7-438f-a965-4e3334860909	fd70699f-2c49-4110-96cf-50cf1c99a4d9
d088ab69-a1e7-438f-a965-4e3334860909	918440b6-bae7-4e7e-bfce-bc28fc096321
d088ab69-a1e7-438f-a965-4e3334860909	dfde9a53-82bf-44b0-a462-62412c709557
d088ab69-a1e7-438f-a965-4e3334860909	e1ac0c39-7fe8-472a-a2d5-ee33e8ff4f0b
e12c144a-064d-4c86-8c7b-4ea1c9c5171b	2be2e404-6eb1-4039-9527-3b34efa1eab7
e12c144a-064d-4c86-8c7b-4ea1c9c5171b	7c74d6f0-2f58-4310-96bf-ebeb37358570
e12c144a-064d-4c86-8c7b-4ea1c9c5171b	b78d1d57-454b-4c6c-8544-56db56938d01
e12c144a-064d-4c86-8c7b-4ea1c9c5171b	eac0b2be-d2a7-4b8d-97d9-56f7d789f171
e12c144a-064d-4c86-8c7b-4ea1c9c5171b	a66cd2ee-2d17-49d9-b635-3847cfb02e1c
e69519f5-0e43-485b-9e8a-3ff4ebe691d8	cdd5f1d6-c3ca-407e-ab15-07263f616dd4
e69519f5-0e43-485b-9e8a-3ff4ebe691d8	10a21e81-c3a9-45c7-b093-96b702825059
e69519f5-0e43-485b-9e8a-3ff4ebe691d8	bf645e42-d2d6-4a1e-ab23-b5c06adf046a
e69519f5-0e43-485b-9e8a-3ff4ebe691d8	b2f8620d-d574-4817-8665-30d39a5d2d21
e69519f5-0e43-485b-9e8a-3ff4ebe691d8	f2bb03ac-99c0-45c9-a9cc-d445bc319c02
e69519f5-0e43-485b-9e8a-3ff4ebe691d8	73a92b37-1533-4289-9003-665fe69ea52a
e69519f5-0e43-485b-9e8a-3ff4ebe691d8	6b08d24a-e543-4bfb-a7ca-42a8feafa0c4
e69519f5-0e43-485b-9e8a-3ff4ebe691d8	91326570-d315-43c0-a39e-a5aa962ec9f6
e69519f5-0e43-485b-9e8a-3ff4ebe691d8	6762c7c0-00f1-46c6-8f3d-429a35f3196e
579aa674-79ac-4fa6-afd2-4d1ffb467e80	2480bd94-e64b-4d5f-b671-8c1a92d63a76
579aa674-79ac-4fa6-afd2-4d1ffb467e80	e30889c4-6401-4f4a-96d2-cc42fd94c898
579aa674-79ac-4fa6-afd2-4d1ffb467e80	f41b8c95-a8dc-47bf-9de8-d1095a4ad666
579aa674-79ac-4fa6-afd2-4d1ffb467e80	7ba31543-5dbc-461a-97e2-56ec456af92a
579aa674-79ac-4fa6-afd2-4d1ffb467e80	6c9b56e1-ca3a-42e5-a742-6d819f1f176d
579aa674-79ac-4fa6-afd2-4d1ffb467e80	1abb74e9-09c5-4a31-86a6-3215397f06f4
152218c9-0d03-4516-9b58-42559afe0c50	26e844ca-5c1d-406d-aa70-fc5817ddb951
152218c9-0d03-4516-9b58-42559afe0c50	23ac7a76-2eb6-4c33-a4f5-5cd344fe807d
152218c9-0d03-4516-9b58-42559afe0c50	678c3270-ddbf-4d4a-afa3-dfeea3b9c826
152218c9-0d03-4516-9b58-42559afe0c50	638731c5-a0ab-47ed-9e82-3fb5f58bab94
152218c9-0d03-4516-9b58-42559afe0c50	91897b91-00f0-40d0-8916-d7f695a4dd8f
152218c9-0d03-4516-9b58-42559afe0c50	db1e4bb1-ad10-4f56-afd0-87d635829661
152218c9-0d03-4516-9b58-42559afe0c50	9ad35f56-dca4-4d00-bed2-850ab4c6b4f0
152218c9-0d03-4516-9b58-42559afe0c50	02b2d618-010f-4cac-b35e-afc8dbc44554
152218c9-0d03-4516-9b58-42559afe0c50	7d693b3b-4256-4534-bfe0-a91776eceb96
152218c9-0d03-4516-9b58-42559afe0c50	add43a46-3e90-4d48-8e3b-845d47bdd989
e326e57b-7f6d-4f30-bb83-e07328444a49	3849eb20-c69e-4c64-80d0-f7a6f2b53b0c
e326e57b-7f6d-4f30-bb83-e07328444a49	c10517ca-3bb2-4401-a99a-dd43d4c9d551
e326e57b-7f6d-4f30-bb83-e07328444a49	d33360d7-fa11-413e-89da-fafbb564a0ac
e326e57b-7f6d-4f30-bb83-e07328444a49	2b3fe0a1-5a81-44e3-add5-f63ec6dc2f25
e326e57b-7f6d-4f30-bb83-e07328444a49	312952f6-8331-49d4-ac73-0df79a678f3f
e326e57b-7f6d-4f30-bb83-e07328444a49	e935a760-f0e7-4c3c-a243-7274514cf58d
e326e57b-7f6d-4f30-bb83-e07328444a49	989662ba-8439-48fe-9bd6-ae22a5ed248b
e326e57b-7f6d-4f30-bb83-e07328444a49	f31260d9-578a-4b3a-86b4-077a4e216bdf
e326e57b-7f6d-4f30-bb83-e07328444a49	0165c772-a867-4e20-b002-dd6d58fa6a6b
1e89b574-c6a9-4b15-9b8d-35b910441746	db013fd8-b2f7-4487-a42f-db751931c71d
1e89b574-c6a9-4b15-9b8d-35b910441746	cacd2d9e-f95c-47e5-a852-f55298925cd7
1e89b574-c6a9-4b15-9b8d-35b910441746	9e1f7bd7-4dbe-4430-80a8-ee6796f93805
1e89b574-c6a9-4b15-9b8d-35b910441746	b22c85f9-8403-4ce1-bcce-6515b89ce031
1e89b574-c6a9-4b15-9b8d-35b910441746	56038ce3-ef48-4698-988a-271fe56b0f4f
1e89b574-c6a9-4b15-9b8d-35b910441746	470bc92b-d625-4899-b8ea-270c45c6da4f
1e89b574-c6a9-4b15-9b8d-35b910441746	579f90c8-f33b-44b6-9831-13a987ec117d
1e89b574-c6a9-4b15-9b8d-35b910441746	07daf1bd-b0f0-489a-8118-5af7c9a41f66
1e89b574-c6a9-4b15-9b8d-35b910441746	a65856b4-929f-4e4f-98e5-900b3db392af
715d09a6-8e76-470e-8070-5319c222b858	1b03cca8-2bc6-420d-8417-26c56fd0e136
715d09a6-8e76-470e-8070-5319c222b858	5d25af3b-5bde-4e43-8c08-43ebbe0a655a
715d09a6-8e76-470e-8070-5319c222b858	ef65ba82-d051-423b-adfc-01baec93eec2
2600e806-704e-4f2b-97de-d91d9088eec8	2996e711-b9c3-48a4-be3e-9cbe79bcc887
2600e806-704e-4f2b-97de-d91d9088eec8	508cace1-15cd-4a57-b34f-01880b260d60
2600e806-704e-4f2b-97de-d91d9088eec8	70569b3f-530d-4473-a046-2b75611faaf3
2600e806-704e-4f2b-97de-d91d9088eec8	e7255c9a-65be-4c02-8290-00972077a0f8
2600e806-704e-4f2b-97de-d91d9088eec8	a5938d3d-05b3-459a-81e8-b4b2e303f8f4
879980e0-7a30-450d-87d2-b3e6c9c53c9a	3fac4e1d-a0a8-4659-b604-d25ec8c1a7f2
879980e0-7a30-450d-87d2-b3e6c9c53c9a	3bf52402-6efa-453b-8668-d71ec163d9cc
879980e0-7a30-450d-87d2-b3e6c9c53c9a	e5968180-9b25-43c8-9ae8-9c085f8bc3b2
879980e0-7a30-450d-87d2-b3e6c9c53c9a	5aad9089-0942-442c-9a73-bd74511b33d0
879980e0-7a30-450d-87d2-b3e6c9c53c9a	4dfe3538-92e1-4d00-a1a9-18101037c75a
879980e0-7a30-450d-87d2-b3e6c9c53c9a	2d7e914f-a2f2-49b5-9de6-1f90e78cff42
51720aad-c63b-41fb-907f-ca2771be15b7	05bc4788-64e1-4ac3-8c6f-5c1439e20246
51720aad-c63b-41fb-907f-ca2771be15b7	246016e6-3ae7-4482-88d8-6396f8ff9655
51720aad-c63b-41fb-907f-ca2771be15b7	410fdd6a-18a8-4252-b643-f6c3f6fdd70d
51720aad-c63b-41fb-907f-ca2771be15b7	d4b6947d-7c15-40f9-99d7-fa7adad06728
51720aad-c63b-41fb-907f-ca2771be15b7	d229326b-cec5-4269-be35-ea121de07d65
51720aad-c63b-41fb-907f-ca2771be15b7	78957c71-3147-48f3-b7f8-43543b9c1177
51720aad-c63b-41fb-907f-ca2771be15b7	53d51c5f-e6ba-40fb-a1f4-5ae7ed0a2c83
51720aad-c63b-41fb-907f-ca2771be15b7	45ecce45-bbba-4124-b405-cb7425619db4
fef646df-11c8-434b-95b8-cdf628b47b04	7d0301c9-de08-45df-8653-f33a3d840d8c
fef646df-11c8-434b-95b8-cdf628b47b04	fc86cd06-2f4c-4099-80b2-1c0b67831308
fef646df-11c8-434b-95b8-cdf628b47b04	bd2ae5ca-10b3-4127-a8d4-7faa4213b4fd
fef646df-11c8-434b-95b8-cdf628b47b04	6c1120f8-af01-47aa-b3b9-a922ab22b9f9
fef646df-11c8-434b-95b8-cdf628b47b04	6a83ea53-9aa9-4eaa-8860-29c8a094d572
fef646df-11c8-434b-95b8-cdf628b47b04	3fe99714-8334-4281-8470-e2dae0cdb473
fef646df-11c8-434b-95b8-cdf628b47b04	1474f137-ce39-47f3-82fe-e660136f0160
fef646df-11c8-434b-95b8-cdf628b47b04	7eff6e26-5117-45ac-912c-f7baf3b32913
befc16bb-d96d-4c74-b7f2-b793aad7541b	a8bf753f-f091-4b20-8979-28e11e5d621e
befc16bb-d96d-4c74-b7f2-b793aad7541b	93b79df0-d321-4ebc-a443-58beebb69cac
befc16bb-d96d-4c74-b7f2-b793aad7541b	685849e7-b2f6-4dd7-b81f-72e067d095dc
befc16bb-d96d-4c74-b7f2-b793aad7541b	388d0dd4-9067-476f-96ac-0ad99190d2ad
befc16bb-d96d-4c74-b7f2-b793aad7541b	79d28c59-4f3a-498c-b6d1-454ac5d1b51a
befc16bb-d96d-4c74-b7f2-b793aad7541b	997b354c-c462-46d0-a850-eb81e8ac68ef
befc16bb-d96d-4c74-b7f2-b793aad7541b	923179a1-0a7c-48f7-8e7c-8d5f21dc0a98
befc16bb-d96d-4c74-b7f2-b793aad7541b	9f843564-f849-4a50-b161-06d0c8a91729
b369ffef-f3aa-42df-ab52-fdc503954c85	f043c485-ee28-41ff-91bd-73a5ef7b08d8
b369ffef-f3aa-42df-ab52-fdc503954c85	37f7ff21-5edd-4006-93f1-c2468c2bdff8
b369ffef-f3aa-42df-ab52-fdc503954c85	79065196-7a58-4243-b143-1355651c1673
b369ffef-f3aa-42df-ab52-fdc503954c85	9e4e5a2a-c0e1-4039-b462-a90860f82040
b369ffef-f3aa-42df-ab52-fdc503954c85	fe59d115-857e-42eb-954d-03a3a56167bf
b369ffef-f3aa-42df-ab52-fdc503954c85	c031e64d-bcf0-41a3-b0e8-b99ef6fe769e
1aa38282-9871-4476-97d6-65fec193248b	b8cb180b-f637-452e-86b1-2bca04d6d025
1aa38282-9871-4476-97d6-65fec193248b	51d13c63-52dd-4726-9552-61038fe3d0c1
1aa38282-9871-4476-97d6-65fec193248b	244e7eef-3c2b-4282-8aab-c95b655f2ae5
1aa38282-9871-4476-97d6-65fec193248b	0328e694-76ba-4cbb-9a74-f866b04d0fdc
1aa38282-9871-4476-97d6-65fec193248b	2a13efd7-4658-4fd5-9d16-8e0e72cce3a8
1aa38282-9871-4476-97d6-65fec193248b	0553951a-9142-4d82-a439-06ea04c0da45
1aa38282-9871-4476-97d6-65fec193248b	41f8b7c2-f5a2-41c4-920b-ca7521633fe2
1aa38282-9871-4476-97d6-65fec193248b	60f386d6-bd89-4084-8325-f6557f69a62d
1aa38282-9871-4476-97d6-65fec193248b	b958f151-c8ba-4139-b5f5-35fa80248819
47df38a4-6fee-4c99-baed-d6660517f08f	bfbbf236-879d-4426-8167-1977ba343e05
47df38a4-6fee-4c99-baed-d6660517f08f	15ad17f3-a912-4bef-bd07-9b68ce3128d6
47df38a4-6fee-4c99-baed-d6660517f08f	a0a4520e-367b-4a4d-94fd-8c1a7010326a
47df38a4-6fee-4c99-baed-d6660517f08f	400ed5ca-f215-458c-929f-d787e9e0cd83
47df38a4-6fee-4c99-baed-d6660517f08f	e69c218b-61b7-435d-bc95-c395e19f234f
47df38a4-6fee-4c99-baed-d6660517f08f	efdc687a-584a-42aa-a596-e9e69589fb7e
47df38a4-6fee-4c99-baed-d6660517f08f	2be3a594-f7a2-4e04-aa88-21808bc679cc
47df38a4-6fee-4c99-baed-d6660517f08f	5ed89116-648f-41f1-aedd-8753fbafa140
47df38a4-6fee-4c99-baed-d6660517f08f	b534fe4d-a4e7-4bc4-b13f-0ae76ed6398a
60792ab5-79ce-4c66-87a3-2183bde12f8d	553b7fc3-9243-4a44-9afb-47c97dc9edd5
60792ab5-79ce-4c66-87a3-2183bde12f8d	f0a6b812-50e1-4be6-8015-e9cdd578b4ab
60792ab5-79ce-4c66-87a3-2183bde12f8d	902a8ea7-4a0e-4141-b36b-024cb17fed90
60792ab5-79ce-4c66-87a3-2183bde12f8d	87eb774b-78e5-4b56-8780-3b6eefeec4f5
60792ab5-79ce-4c66-87a3-2183bde12f8d	100e9618-c2ff-4b48-ba9d-5760ded91858
60792ab5-79ce-4c66-87a3-2183bde12f8d	297e30f8-f6e9-4076-ae9b-b7dcff2c3caf
60792ab5-79ce-4c66-87a3-2183bde12f8d	f60b0199-08c4-435a-b094-259be1590745
60792ab5-79ce-4c66-87a3-2183bde12f8d	221144ab-2ee1-46c0-ad65-945922e2e16c
60792ab5-79ce-4c66-87a3-2183bde12f8d	c96dca90-f45b-424c-a5d3-88081833096a
60792ab5-79ce-4c66-87a3-2183bde12f8d	98275bb7-3cd7-4669-888c-1b178b9a823e
fb4f37a1-1b0e-4ee8-b866-dfc92954a957	261895dd-56e4-482e-a133-82ef326efcd7
fb4f37a1-1b0e-4ee8-b866-dfc92954a957	07c553cf-16e0-4a26-bb3e-e1429b0ade55
fb4f37a1-1b0e-4ee8-b866-dfc92954a957	360708de-25a1-44cd-97c1-4781a45341e3
fb4f37a1-1b0e-4ee8-b866-dfc92954a957	306115de-ccd7-4321-ba2a-4f225e7709a7
fb4f37a1-1b0e-4ee8-b866-dfc92954a957	a03a58d9-0650-4366-951e-7b11252473e6
fb4f37a1-1b0e-4ee8-b866-dfc92954a957	5d5470aa-5eb8-43ae-b0fb-8d44690a9d87
fb4f37a1-1b0e-4ee8-b866-dfc92954a957	dcf25361-cc55-4f7f-9302-1767d0cd9034
fb4f37a1-1b0e-4ee8-b866-dfc92954a957	947f8ad2-46a5-4f54-8946-1122e327290d
fb4f37a1-1b0e-4ee8-b866-dfc92954a957	f58cf3d9-228a-43e6-ad5a-f4f5d1eba9dc
fb4f37a1-1b0e-4ee8-b866-dfc92954a957	e2485779-1a75-45c3-9523-d05924879a6c
\.


--
-- Data for Name: Users; Type: TABLE DATA; Schema: public; Owner: -
--

COPY public."Users" (id, "firstName", "lastName", email, password, title, description, type) FROM stdin;
51dbf651-47da-4bb1-92fa-87950dffd8c1	Hilton	Terry	Callie_McLaughlin@hotmail.com	nNV5aBYjFXzS5rM	Vel	Accusantium facilis repudiandae consequatur ullam. Nulla ut voluptatem aut aliquid beatae laborum. Rerum quia natus sit.	student
0d7f77ce-2c59-4047-b356-92fc9c85db0d	Kathryn	Runolfsdottir	Zetta99@gmail.com	Sk2OuKWdewbZIEo	Quo	Sint quos nesciunt provident eveniet vel. Necessitatibus dolores nostrum non eligendi possimus doloribus sint. Repellat dicta iusto maxime animi rerum molestiae magnam laborum.	student
246a4444-a768-47f4-9b1c-128c9c2f2db4	Leila	Ledner	Rachel.Miller@gmail.com	iDfyY6umzmN3Ysb	Doloremque	Aperiam officia provident qui. Eum quidem maiores blanditiis enim ipsum. Officia ea similique quis cupiditate voluptate vitae qui doloremque repellendus. Odio omnis corporis maiores numquam eligendi voluptatem blanditiis eos. Similique animi nam doloribus placeat dignissimos commodi voluptatum est.	student
d31686fa-0816-40f2-b9c6-7807c9c23a87	Angelo	Dibbert	Sarai_Kuhic@yahoo.com	9dUNixkYFRVmpwD	Sit	Aut voluptas quas quos amet sapiente voluptatem a pariatur. Nemo eaque possimus consectetur. Iusto qui facilis rerum corporis esse ex voluptatem aut. Et aut magnam quis quo. Quae at magni rem in vel. Consequatur est quae quibusdam.	student
7d91a346-74e9-4f83-af6d-15b311f7c00b	Donnie	Nitzsche	Dannie.Powlowski86@yahoo.com	22F8sDcjb4olptf	Maiores	Aliquam corrupti odio qui consequatur. Dolorum qui veniam commodi voluptate iusto et similique eum. Ad ratione unde nulla ullam impedit necessitatibus repellendus. Laborum dolor et ut non. Occaecati nihil quidem et. Omnis consequatur ab enim quod.	student
2ac4fa35-408a-4292-98fd-4b2f46b72e60	Christop	Schinner	Flo_DAmore22@gmail.com	Fb7ARwtI5HS70L5	Cupiditate	Est in consequatur. Ipsum quibusdam minima in in ut. Omnis quas aut illo ipsa aspernatur et quam ipsa. Soluta corrupti sed nulla.	student
57d4cabe-b005-49b6-aa66-4d9996758179	Dominic	Glover	Gabe.Cummings85@yahoo.com	kBZ0Xe20wHAKIzl	Quia	Accusamus qui magni molestiae dolores. Amet fugiat aut omnis nam culpa non. Earum velit dicta autem error illo sed deserunt aut cumque.	student
33c27fa5-ab23-4bf4-b68a-a1dca4fd8a9c	Savannah	Feeney	Gracie72@yahoo.com	cH4fW_em5qkZ_5J	Odio	Consequatur ad vero ex a quo quisquam suscipit. Voluptates distinctio asperiores consequatur voluptatibus dignissimos repellendus sunt incidunt. Et quos adipisci aut rerum. Et eius dolorem est consectetur ea molestias ut.	student
4c8338c1-f36d-4ae8-99f9-d15755637ff6	Alvis	Bahringer	Destiney67@yahoo.com	japFwZqq5rrbPUw	Iusto	Et qui et et libero molestiae officia qui blanditiis id. Officia commodi aliquid temporibus illum quam autem placeat. Aliquid qui alias. Harum sint iusto sit delectus quis dolores quae quas. Pariatur voluptas harum laudantium dignissimos qui.	student
996137da-155c-47c4-ba6d-15540b294a12	Ima	Blanda	Evie_Ritchie84@hotmail.com	Z_uXghByTiy9Ua2	Est	Soluta eaque nihil numquam. Necessitatibus minus ipsa quia dolore sed amet. Aliquam sapiente velit vitae aut reiciendis ut debitis rerum ipsa. Sint laborum porro optio dolorem minima eum.	student
c106ad4d-e410-402a-be3f-e660eaf8fa8a	Leda	Ledner	Jackson.Howell68@hotmail.com	yRk1SsHLL8iD0TQ	Sed	In corrupti iure ea doloribus animi repellat omnis facilis. Omnis excepturi cum eos itaque amet consequatur. Sint placeat dolore ipsum placeat necessitatibus tenetur expedita. Eaque consequatur minus facilis sunt adipisci modi excepturi. Repellendus et facilis veritatis atque. Nulla magnam veritatis qui.	student
c212cd84-a4f4-45e2-9ce2-962b8332111f	Lura	Greenfelder	Sandrine.Doyle@yahoo.com	6KlSEch10novhkD	Quis	Qui voluptatem perspiciatis a veritatis corrupti minus perferendis porro. Enim consectetur rerum. Perferendis natus voluptatem est voluptatem quia at quis qui. Voluptas rerum soluta tenetur soluta quis quod. Commodi et maxime. Ipsam repellat cupiditate voluptas ut optio sunt.	student
879980e0-7a30-450d-87d2-b3e6c9c53c9a	Fermin	Hoppe	Vicky11@yahoo.com	mdOyTf0mnoqS8u5	Qui	Vel debitis rerum. Eius voluptas animi assumenda modi iste aut veritatis aut aut. Enim numquam et rem et non natus amet magni voluptatum. Qui libero itaque soluta ducimus sint provident dolorum eos. Provident reprehenderit et quibusdam voluptatum laudantium.	student
1a304caa-e759-44fc-8c09-973a25844a9f	Ernesto	VonRueden	Francisco10@gmail.com	HOsKJknreug2FyS	Debitis	Eum asperiores molestias molestiae consectetur. Est quod consequatur optio laborum fuga odit nobis. Reprehenderit in neque est molestiae neque provident et provident dolores. Laudantium cupiditate aliquam consequuntur dicta tenetur magni. Consequuntur aperiam voluptas illum ut.	student
25f6985b-a7c5-45c9-a221-4e7e229763b6	Mertie	Yost	Ike_Wisoky@hotmail.com	JsdtioiDlMXXSNf	Quas	Sunt et numquam voluptate. Molestias maxime enim nihil est et quis in. Fuga aspernatur fugiat qui incidunt repellat. Tempora enim enim. Ab enim dolores vitae nesciunt sapiente. Suscipit cum minus quae explicabo voluptas quia sed a.	student
e647fcc7-ebb9-4858-9b70-345efd494768	Estevan	Prosacco	Herta37@yahoo.com	vZfXHWj9dFJhN6s	Distinctio	Eaque enim voluptas quibusdam voluptatum fuga. Quis sapiente autem ea incidunt aperiam consectetur vero voluptates ullam. Aut dolorem assumenda rem dolores distinctio non quasi adipisci. Animi inventore et expedita.	student
2881d6e7-6701-443c-b63d-697fdc02011e	Annalise	Gulgowski	Ismael.Quitzon37@yahoo.com	f_k465s6M6q2Db0	In	Placeat rerum cum. Assumenda hic dolores excepturi odit est ut. Enim cum quia qui beatae totam odit omnis.	student
47df38a4-6fee-4c99-baed-d6660517f08f	Brook	Turcotte	Mathilde.Hilll59@yahoo.com	RozwrBy0uw3Kdzq	Deserunt	Veniam dolore commodi. Culpa sunt dolores quo eos explicabo. Molestias delectus quibusdam unde quisquam voluptate possimus quod. Quo qui sint repudiandae corporis aut qui laboriosam veniam voluptatem.	student
70f7d351-ee18-4203-893e-3c0ae0875918	Blake	Miller	Jarrell.Hauck@gmail.com	fbRHmVAru8X6TI2	Magni	Velit laborum voluptatem ut vero sit ea aliquam. Nisi veritatis sunt et aut numquam. Qui eos et dolor nesciunt sunt voluptas. Debitis commodi dolores.	student
df8d9498-ae55-4c9e-ab45-3779b74c43f3	Laura	Fritsch	Bridget89@gmail.com	MG9b6OOyh3Jokxm	Est	Quos enim est repellendus ut eligendi. Non laborum eos voluptas pariatur expedita qui nihil. Tempore animi dolor culpa voluptatem fugit iusto rerum. Sapiente et molestias quibusdam soluta tenetur doloremque sed rerum et. Qui quo et repellat occaecati.	student
51720aad-c63b-41fb-907f-ca2771be15b7	Amara	Klein	Quinn.Walter@gmail.com	6ZHfV_G9jYBmmq1	Qui	In rerum reiciendis beatae qui facere. Sit nihil mollitia quis et. In exercitationem quod et similique. Corporis quia ea temporibus temporibus. Consequatur totam sit est quas nam a eaque quaerat adipisci. Qui optio nostrum id veritatis aut magni.	student
d9491675-e690-42d5-b532-58ab657a6a68	Alfredo	Kozey	Lilyan8@yahoo.com	srZKOEn311i9OJB	Ex	Fuga velit vero provident maxime minus et vel. Libero ex qui quia vel repudiandae eos. Molestiae dolorem autem amet sed modi error reiciendis eius. Occaecati voluptas molestiae eius possimus sit dicta delectus. Omnis ut consequatur.	student
ef26f0c4-be07-42a8-a7a3-42f8d96154d2	Myrtis	Little	Alexandrea.Halvorson@gmail.com	q7aANfkr0pTR55M	Culpa	Iste voluptas voluptas aut magni. Ut delectus possimus optio est. Ut tempore sint quia.	student
bd7e4a1b-dcb6-4a09-8ebc-23133c8ee66d	Milton	Morar	Ulises.McLaughlin@hotmail.com	3M9C5xvZhm49Y4s	Et	Ut quia dolor explicabo enim. Asperiores accusamus veniam consequuntur provident. Perferendis dolorum itaque fuga voluptatem qui harum sunt sint possimus. Earum molestiae et. Molestiae odio amet odio beatae.	student
87587ac3-301f-4fca-ac57-90ff342040ec	Ike	Considine	Reid23@yahoo.com	bD39TSndOFuogRi	Alias	Aperiam beatae eum distinctio est voluptatem id vitae. Quia a quia. Voluptas vitae fuga numquam rem doloribus ullam in sit. Aliquam reiciendis voluptatem et ut quam est amet. Voluptatem et similique sit eaque reiciendis ex porro assumenda consequatur.	student
a295268c-7e40-4494-94d4-c4de61ce4c6c	Mona	Hickle	Toney_Stoltenberg0@hotmail.com	6FbaVJMFuhUS4Va	Accusamus	Perspiciatis sit quasi. Quia molestiae eos est labore ut. Non id ipsa officiis enim. Atque est et dolore nisi.	student
22547421-766f-4958-9fbe-93fc40721712	Dixie	Romaguera	Orpha_McCullough65@gmail.com	RyXiWV9YuT3lGVE	Impedit	Deserunt rem quisquam quod. Quia qui id et id dolores voluptatem voluptatem. Ut et quis et sint ut.	student
286ac730-9775-434c-905c-b974a20d0b81	Jaclyn	Wisozk	Eleazar18@gmail.com	uo13NwqQdyySJtd	Et	Molestiae ut autem occaecati sit minus in. Et recusandae adipisci fugiat qui beatae rerum. Tenetur dolor commodi. Quisquam quam qui. Dolor libero quibusdam minima reprehenderit reiciendis nesciunt. Quos placeat aliquam qui ut amet beatae corporis nihil.	student
964c17b3-0eb8-46b9-82a7-bf9125c2d836	Charlie	Kohler	Francesca.Heller@yahoo.com	yLQl3GuIJ2ziFLC	Minus	Cum ut non voluptas dolorum facere pariatur id rerum minus. Dolores magnam sapiente architecto modi ea repudiandae provident. Aut nihil fuga qui ex quibusdam quod et ex rem. Molestiae libero at reprehenderit iusto minima aperiam eos ut nisi.	student
d3a98889-3bd2-4c39-be89-a25b4b2a7ec0	Virginia	Christiansen	Meaghan.Prosacco25@gmail.com	fRJZ7n91Gxa1Mko	Earum	Eum ut tempore omnis. Nisi provident impedit animi. Esse quo aut.	student
2286a658-14ca-4f61-9984-bf308287d1b3	Kianna	Fisher	Beaulah57@yahoo.com	1QalscbQDGzm8PD	Dicta	Laborum et iste error odio voluptatem repellat dignissimos. Totam porro magni ut autem voluptate rerum et voluptatem culpa. Est quia minima laboriosam. Dolorem incidunt possimus iure cupiditate optio quo minus eaque alias.	student
2596ad3e-9894-4ad7-98f3-a09d3c87cb11	Beth	O'Kon	Tod95@gmail.com	BjUz3ZqcymRsT9w	Inventore	Modi ea deleniti ut officiis tempora. Fugiat aliquid excepturi consectetur corrupti molestiae quas provident ipsum non. Nisi labore totam rem in. Accusamus eligendi sit sint omnis sint asperiores aut.	student
0afa7786-46b3-4923-acb2-2d6b90de39e5	Juanita	Gislason	Cyrus_Beier@hotmail.com	BOvEN_FZBojB33L	Enim	Officiis asperiores aut velit aut tempore unde. Veniam molestias quas voluptates velit autem aperiam commodi esse. Iure in voluptas quis et doloremque enim numquam eum non. Minima aut quos. Repellat earum libero et velit ipsum quidem deleniti. Numquam cupiditate sint cumque molestiae est quam corrupti iure eum.	student
6721922a-627c-497d-ba99-2e53ddb9eeb3	Lizeth	Powlowski	Duncan_OReilly33@gmail.com	dkTSZIVAmm21ulC	Non	Unde occaecati est recusandae enim maiores aut. Dolor reiciendis consequatur cumque rem dolorum quaerat. Modi atque consequatur et. Voluptate doloribus aut iure pariatur quasi provident quae.	student
7dc1da59-f571-45bf-95ab-30e2e6580e4f	Beverly	Reichert	Kylee.Erdman45@yahoo.com	ZHcbXNBhbBAGyHY	Asperiores	Voluptatibus pariatur quaerat non est. Dolore dignissimos mollitia mollitia optio id. Et qui sunt architecto similique aut delectus tenetur est recusandae. Dolore similique quis facilis. Autem sunt laborum.	student
274cc663-2fad-4f30-ad81-dd0164a4f558	Zoila	Klocko	Lillian_Halvorson29@yahoo.com	bJ5_rsE2ZgvRKnY	Sint	Sed voluptas exercitationem totam omnis maxime. Animi vero ut sit iste laboriosam amet. Asperiores tempora quos vel.	student
1a2dac8e-aa0d-4e9c-b648-537039d112d2	Floy	Kovacek	Evan_Tillman86@gmail.com	Zxcsr9lJOLZ0fW3	Ducimus	Dolor et praesentium ipsam ex temporibus mollitia aut asperiores. Et doloribus et perspiciatis. Quis voluptatem quasi quis. Et eos libero et. Voluptatem deserunt molestiae assumenda et debitis eum perferendis in sit. Provident qui modi quia dolore.	student
2328d397-0d08-4450-9c7b-d9bfd6135a40	Roma	Streich	Reyes.Miller@hotmail.com	UbPkUCg0XLTvEoU	Ut	Unde sint sunt est aut voluptatem. Officiis nulla libero qui. Ut ad cumque amet.	student
c653d7b2-8de6-4eaf-ab37-f60a3498cb1a	Kyler	Cartwright	Estrella.Beier85@gmail.com	OF_6YOsWRp85QUH	Nihil	Rerum sequi qui sint placeat eveniet vel. Itaque iure dolor rem suscipit eligendi. Non eum voluptatibus id qui aspernatur et. Cupiditate repellat beatae id iusto itaque voluptate accusantium et. Nostrum autem dignissimos sed libero.	student
fe311ec1-164e-441c-9ab7-c22867c74cf3	Brandi	Ratke	Charlie.Moen64@yahoo.com	wlqAND_KuWu8WPD	Et	Vitae et cum sunt ad. Quisquam sapiente unde. Aut et voluptates sed. Laborum aspernatur delectus et magni nulla amet. Possimus sunt at quis autem.	student
d2933b50-b4ab-4b27-917e-e234f378c40c	Kennith	Bode	Alvah_Wunsch53@hotmail.com	bRCiX2ehWQSGfBZ	Aperiam	Odit impedit voluptatibus est ea facere et tempore. Aperiam voluptas enim nam. Culpa odit consequatur dolor voluptatem.	student
2600e806-704e-4f2b-97de-d91d9088eec8	Stefan	Johnson	Josue_Schultz@gmail.com	Y6Re2QeOHzuZHrR	Qui	Accusamus omnis dolorum earum molestiae et ea quia et. Aut sequi quis pariatur modi recusandae adipisci enim ipsam. Eum autem minus aut. Eveniet dignissimos qui omnis sit voluptate qui sed aut.	student
a04e1429-6ae3-48b8-a961-a78d897c9eb0	Drew	Quigley	Rylee_Mraz@gmail.com	lURPOuil8oKpydM	Voluptas	Magnam qui tempora aut unde iusto. Aut quasi excepturi voluptate qui. Quia esse magni enim fuga et fugit qui quia sed. Laboriosam laborum quaerat quasi illum est et consequatur voluptatem eveniet. Saepe voluptatibus aut ut natus laboriosam repudiandae rem voluptas ab.	student
fef646df-11c8-434b-95b8-cdf628b47b04	Eunice	Kreiger	Isaias_Streich71@hotmail.com	3QbG2NnlD7Jr38V	Libero	Hic sint sunt laudantium eaque omnis debitis. Quod quisquam ut recusandae dolore fuga voluptatum laborum omnis. Nihil voluptates nihil ab ratione maiores impedit sint sed quam. Itaque quia et ea consequatur fuga molestiae voluptatibus aut ducimus.	student
11bced9b-d3d1-4926-9eaa-5ca4083f2412	Maribel	Lowe	Jon_Hamill63@yahoo.com	cV43893lCNF3xWF	Quidem	Et quam veniam est repellendus cumque at quas qui. Eos maiores iure. Qui sunt quidem modi dolor iure.	student
9a10bc4c-8cd4-4eb0-b2ba-5860c531253b	Jackson	O'Connell	Agnes97@yahoo.com	0HSLDdxFBYj24ny	Sint	Consectetur sit sed aut ad repudiandae et qui. Enim nemo expedita vitae perspiciatis modi quia. Officiis est esse illo odit ullam optio culpa fuga recusandae.	student
0796f73d-0ff2-40d3-9896-9c8ab85ecc70	Vicente	Little	Kayla_McGlynn37@gmail.com	0NHu2yFu6Q5dwRD	Odio	Repellendus est facilis odit suscipit autem dolores vero. Nulla accusamus eos ut odit vel distinctio nostrum vel veritatis. Exercitationem tenetur dolor unde quam. Omnis dolor et aut in animi. Qui nam quis aliquid ad illum. Voluptatem ut repellendus quibusdam dolorem.	student
375c342f-5082-46c7-be19-b769d1470086	Martin	Parker	Rita.Sanford@gmail.com	xwfHklbLomZKnbI	Incidunt	Dolores voluptate id assumenda qui odio ut. Repudiandae sapiente et quia nulla dolor laudantium molestiae amet voluptate. Quia est ea laudantium sapiente. Et ut et voluptate culpa amet nihil sapiente laboriosam dolorem.	student
baa8042f-48c2-4abb-9af3-f98ce8b5fad2	Delmer	Kuvalis	Shakira79@yahoo.com	khTDLHhPsHQ4syt	Dicta	A ipsa dolore nihil rerum. Eos aut sequi repellendus est dignissimos. Non non magni ut. Et ea aut architecto. Et quia dolorum ut.	student
dc403048-8897-4aa4-9428-38f2e87b53ad	Lora	Stoltenberg	Fredy45@gmail.com	lzlm6ryB9xcoSSp	Officiis	Ullam in hic et. Ea placeat inventore deserunt est dolorum expedita inventore. Nihil velit dicta nulla. Labore iusto voluptas. Voluptas est eos harum occaecati assumenda veritatis.	student
3af46527-cecf-4768-a6d0-b03f0ce9ddac	Reyna	Leffler	Kenton36@yahoo.com	EuoEwUiAHRXQ8cT	Sequi	Soluta voluptas minus debitis provident soluta et. Rerum praesentium nostrum et reiciendis facere quae dolor. Velit itaque molestiae omnis.	student
859d3ccb-a100-4752-a233-f10400287750	Francisco	Skiles	Elaina_Huels@yahoo.com	Xv2vaLUPUykarcv	Temporibus	Eum iusto possimus non nam similique dolorem. Nihil optio quas quia sit est. Amet facilis qui reprehenderit. Ullam expedita ad voluptas nihil omnis dicta.	student
935392d5-0636-48f3-8cdb-1ce8a82ceeff	Brennan	Carter	Schuyler.Brakus57@yahoo.com	o_6mPJ1QAuik8Bt	Officia	Fuga nemo enim sit. Sit corporis reprehenderit ut quis eum impedit. Soluta dicta incidunt velit tempore aut ullam. Nemo debitis voluptatem accusantium laborum molestiae blanditiis. Qui qui sint omnis tempore velit eius non similique odit. Quia perspiciatis porro nisi doloribus et.	student
c1002024-e59a-4fab-9bd8-5f227d02cccf	Anahi	Frami	Lavinia_Orn26@gmail.com	WERjrxk86iw9Qcx	Laboriosam	Quo nesciunt eligendi nisi perspiciatis doloribus corporis impedit dolores saepe. Eaque aut ut quis. Alias mollitia a. Fugit adipisci et quam aut voluptatem.	student
60792ab5-79ce-4c66-87a3-2183bde12f8d	Misty	Turner	Jamey74@gmail.com	SjPfMksWffQYPWN	Non	Quis non omnis quaerat veritatis. Culpa fugit alias. Ex ea vitae voluptatum est voluptate qui iure. Sit quis nam est facere dicta mollitia. Vitae sed eos quia.	student
9d0364ef-0dfd-4313-8448-c125a4404d31	Maurine	Kirlin	Demarcus_Pfannerstill5@yahoo.com	bZT1r9rKHuG_wO0	Molestiae	Aut sit commodi magnam eum eligendi iste nihil ut. Numquam omnis optio nemo error qui quisquam ipsa. Et officia totam quo et. Quod sequi asperiores earum non reiciendis laborum.	student
6a7d47f4-a20e-46fa-8d8c-21d8f8acf111	Ella	McCullough	Jerrod13@hotmail.com	Lx04uQlUifV1fj8	Ut	Expedita itaque ipsum nobis. Saepe doloremque deserunt rerum dolores ut veritatis quos. Quibusdam delectus repellat est nesciunt aut eos reiciendis. Deserunt odio dicta odit amet alias officia beatae est. Deserunt quas quis fugit deserunt explicabo.	student
10633cea-40c8-464a-9d1e-b7b0d643cd96	Lura	Bechtelar	Armando.Lindgren75@hotmail.com	zgbgJEAdUSvUbqU	Officia	Adipisci nulla iusto facilis dolores. Sit dolor autem repellendus possimus omnis. Est adipisci soluta ducimus explicabo sit impedit minima.	student
66a0325e-b041-4a50-a47f-68dbe045a95a	Clement	Schneider	Lenore_Denesik@gmail.com	5f8eButAyVa7M4s	Delectus	Vel sequi id modi. Ea iste dicta. Officiis rerum non.	student
00fb4788-ff41-4afb-9752-8f0b8340d920	Caitlyn	Luettgen	Trenton_Keebler@hotmail.com	RNZFOQVS4GQb8ew	Laboriosam	Quas voluptatem quis vitae. Corrupti omnis repudiandae. Voluptatem saepe totam.	student
1aa38282-9871-4476-97d6-65fec193248b	Hipolito	Wisoky	Emiliano.Gulgowski@gmail.com	2M38CxZZVB4qGaa	Et	Libero tenetur vel velit at omnis dolorem quia harum rerum. Nemo quis ea. Aut reprehenderit sed qui quia itaque culpa quisquam dolores. Dolor quia vel sint doloremque. Dolor soluta eveniet animi similique pariatur nulla. Non aut adipisci alias.	student
b369ffef-f3aa-42df-ab52-fdc503954c85	Vilma	Bernier	Meredith_Hane@yahoo.com	y0AAIVoF7vL3LOS	Inventore	Doloribus enim beatae enim maiores voluptatem non. Quaerat corporis maiores qui culpa. Voluptate facilis voluptatem impedit qui excepturi consequatur enim esse. Possimus eaque quo consequuntur rerum. Quia natus eveniet dolorem maxime molestiae perferendis veniam. Aut laborum placeat voluptas illum sequi.	student
366594ba-8be7-4a3f-b79d-87b814540483	Helena	Smith	Alicia45@hotmail.com	43mJvo9Lwv3h0_e	Dignissimos	Facere eligendi ex expedita. Nihil possimus iste incidunt quaerat nihil consectetur libero dolore. Ut vel optio fugiat. Aut vel eum in voluptatum facilis unde.	student
69930b6e-7aaa-44d9-84f6-279d601df4e8	Christelle	King	Rigoberto5@yahoo.com	WwTiCYUzGNObo9n	Fugit	Excepturi totam alias praesentium. Quo vel enim perferendis magnam corrupti quo perspiciatis aut dolorem. Dolores rem et quos ut. Sint suscipit vel minus repudiandae a quo. Numquam iure earum deleniti corrupti adipisci iste sed facere similique.	student
29e161bf-9ee0-42b7-b783-52ee9ca10e3d	Eunice	Keeling	Colin.Kunze@yahoo.com	Dw3H_BqlAGQ0DJQ	Rem	Deleniti quo vel et deleniti ad. Magni et itaque ab dolor occaecati qui sed. Magni eius eligendi quia. Optio tempora odit necessitatibus nam. Mollitia sed eos. Et commodi quos.	student
a5456aae-6028-4b77-a46b-4ef6904486ff	Bobby	Kuhic	Emmy36@hotmail.com	K2Kx67DcxfwAV1z	Voluptatem	Quod quo optio et commodi dignissimos. Autem vero fugit totam. Occaecati voluptates at veritatis rerum. Omnis ut ut nihil. Nobis voluptatum molestiae aut animi dolores tempore.	student
fc6da6dd-370a-45fe-bb31-68147f9b9f03	Bailey	Nolan	Rosalinda43@hotmail.com	bZMLvzffdYghO8F	Omnis	Voluptatem maiores deserunt voluptatem. Odit alias tempore aut at qui. Vero voluptatem ipsa cumque eius sequi et nihil qui. Repellat esse est impedit magni minima amet iure. Voluptas quibusdam architecto ut enim facere nobis aliquid.	student
dd0917aa-1ba8-4e83-a6f4-095d3036737e	Jacinthe	Crooks	Carolyne.Wuckert@gmail.com	HuUodOtPooh0bol	Nemo	Asperiores voluptate rerum. Officiis commodi autem error. Ullam illo deserunt odit corporis non earum. Voluptas corrupti voluptatem vitae est deleniti.	student
e2810805-346b-4d9a-b960-da66987e4b42	Rebeca	Herzog	Darby_Mante52@yahoo.com	cp6MJpgqkqpwlx_	Architecto	Dolores labore qui molestiae repellat minima ipsum sed iste. Distinctio et saepe et quia numquam blanditiis laudantium aperiam consequatur. Nam voluptatem quasi id similique. Omnis dolorem voluptates ex earum ut est repudiandae.	student
3b1c173d-48a6-4e01-870b-20ec4aa65919	Haley	Yost	Mazie_Padberg@gmail.com	YI0oxMmrDcxLCDw	Reprehenderit	Omnis quia rem. Dicta ad ea sunt. Et occaecati alias aspernatur et doloremque assumenda explicabo ipsa. Qui in voluptates odio aut reprehenderit quam. Et at alias qui ut officiis libero eum dolor.	student
68f7e47e-5f41-485b-a980-0ae193a24fe4	Kristopher	Marvin	Willy.Beahan47@gmail.com	6R4PD4x7KQyrAkN	Vitae	Doloremque cupiditate et sunt repellendus ut eius. Saepe eum accusamus molestiae rerum est dolor. Molestiae ducimus sapiente et aut.	student
9722fee0-2ce5-4eb0-8571-dd6ea45113b0	Rosendo	Towne	Elda.Predovic@yahoo.com	dyFjCclGm2KZsvv	Fugiat	Qui numquam omnis a voluptatibus dolor. Rerum est ducimus placeat repellendus magni sint nisi. Autem et fugiat.	student
0d55e093-2f1f-41ba-b4bd-8353eb219557	Vita	Weissnat	Nelle.Hintz@yahoo.com	TyUJ_FQZlVqVscf	Molestias	Est quis dignissimos sapiente fugiat officiis sed consequatur. Autem modi harum inventore recusandae. Ducimus dolor itaque quo facilis natus.	student
2b838895-1006-4d0d-8430-881facb176c1	Nikki	Ernser	Haylee_Buckridge@hotmail.com	GC_BLfSuoQgNxeq	Voluptates	Quasi rerum et. Iure exercitationem voluptas adipisci id adipisci sed dolorem nam. Ea ut voluptatum ad consequatur reiciendis ipsam. Nesciunt necessitatibus non quia qui soluta aliquam amet. Debitis ea expedita et ut optio nisi.	student
fb209532-63b8-4f32-bc86-dfbb72666958	Ava	Cronin	Koby37@hotmail.com	mYx7C0B6RGsjeD6	Illum	Et ullam voluptatem eos sunt. Qui voluptas doloremque omnis ipsum repudiandae et possimus reiciendis. Non deserunt ad. Quia velit exercitationem consequatur illo vel nisi. Fugiat aut vitae itaque quisquam sunt deserunt veritatis. Vel dolor quaerat similique et tempore debitis.	student
7d3dae7f-cd30-4a98-b135-4b4864e75b25	Emilie	Zieme	Damian_Leuschke19@hotmail.com	N8zEATDK8GJROrj	Et	Dolore dolore at et nobis ab. Et aut et architecto asperiores ut maxime. Sit autem repudiandae fugiat necessitatibus. Necessitatibus excepturi aut. Eos eligendi odit.	student
c9b790a8-ebb8-482d-a106-5616e2addd32	Rosario	Davis	Mara22@hotmail.com	p4WZ87Ut06zndeU	Repellendus	Voluptates veritatis atque. Et nostrum ut delectus molestias debitis maiores nostrum veritatis architecto. Doloremque natus laborum. Sit voluptas ut ut vel enim dolorem. Eum aut ea enim veritatis ab. Dolores architecto dolore nulla doloribus exercitationem quia nisi optio.	student
51aa194f-f8f4-4bfd-bd12-0364fa9dfe90	Geraldine	Schaefer	Georgette.Mann@yahoo.com	a03Oq5h0uXp9cIr	Dolorem	Cum qui pariatur amet tempora quia ducimus. Nisi sunt exercitationem voluptatem aut rerum. Ea quidem vel possimus facilis aut ad nihil.	student
befc16bb-d96d-4c74-b7f2-b793aad7541b	Margarette	Williamson	Nola_Koch15@yahoo.com	0RgLnyIAPVGADyw	Suscipit	Placeat dolorum rerum placeat delectus nemo. Omnis quas eveniet quos voluptas consectetur laudantium. Qui sequi quia et ullam iure rerum dolor. Sed sapiente ea vitae aut facilis nobis. Nemo quidem autem dolores iste accusantium nihil.	student
715d09a6-8e76-470e-8070-5319c222b858	Emery	Kessler	Glenna_White@yahoo.com	5FWkoMfyNRHjGgA	Sit	Voluptatem itaque et soluta ipsa dolor qui odio velit ut. Necessitatibus voluptas totam. Occaecati et qui eum harum sed rerum similique in. Commodi eveniet consequatur sint placeat eaque quia.	student
3ae58b0c-207b-4ad0-97ef-1045a44d1b82	Lenna	Cummings	Reanna.Kuphal@yahoo.com	Tk40wSZ_UaHtA4d	Quia	Quaerat alias ut aperiam eos aut. Dignissimos eum dolorem ut quo quia dolor est enim quo. Voluptatum deserunt quis aut dignissimos molestiae fugiat. Modi atque placeat eum autem quia vel debitis et perspiciatis. Qui enim quis nostrum ipsam voluptas cum voluptatem dolorem quia. Ab earum praesentium.	student
d2879275-2230-434d-a804-a056c12bdb7b	Rick	Blanda	Jo6@yahoo.com	Ad54CNu5Iv6_jcg	Voluptatum	Laborum amet aut aut et est veniam quia inventore et. Qui laborum ea molestias voluptatibus aut. Eligendi perspiciatis voluptas. Quidem esse provident vel.	student
c050db76-03b7-419a-b748-e191089ea260	Hailie	Wunsch	Katheryn_West@gmail.com	z9_treaFyEGNwnp	Nam	Porro dignissimos maiores pariatur. Facilis saepe ab quia iure provident officia. Explicabo omnis unde. Harum necessitatibus mollitia quasi non dolorem aliquid. Magnam corporis laboriosam rerum.	student
df427686-5ede-44d3-9b31-bc9d1298f220	Immanuel	Goodwin	Anya_Corkery@hotmail.com	T2eH8BsAO6EaR1L	Unde	Nostrum sit a sequi voluptas rerum ipsam quo. Quia ab magnam animi corporis rerum qui quia. Maiores libero nisi sed. Nobis veniam amet ipsam omnis dignissimos repellat accusamus. Fugiat qui accusamus. Enim consequatur temporibus distinctio praesentium minima dolores.	student
de3fee70-3f8f-44fd-8be5-9c7946c32eaf	Annalise	Wolf	Bernita62@hotmail.com	wMHKqc5MKbmtx5G	Dolore	Sequi quisquam sed. Dolorum repellendus qui voluptatem quasi quo. Suscipit et facere omnis similique fugit. Qui doloremque facilis debitis aut consequatur qui. Soluta quos omnis quia occaecati ut eligendi perspiciatis sunt.	student
fb4f37a1-1b0e-4ee8-b866-dfc92954a957	Treva	Bernhard	Lisandro_Raynor3@hotmail.com	mk7Cxp1v1EajNAn	Sed	Deleniti nam quos eos voluptatum veniam porro. Ipsum tenetur saepe a sunt corporis velit. Sint natus impedit animi sapiente nam vero cum officiis ducimus. Corrupti voluptatum tempora sequi. Officia ut minus harum earum.	student
014ce26f-14ac-4df5-b802-8c4905629b53	Alfonso	McCullough	Jermaine.Corkery@yahoo.com	0lm6aJKv0v02K3R	Ullam	Qui rerum est et inventore dolores repellat voluptates illum. Dolor tempora veritatis ut. Dignissimos doloribus dolorem. Nostrum vel rerum illo mollitia explicabo ut a dolorem. Amet occaecati ut libero fugiat laborum. Esse necessitatibus cum ipsa cum minima.	student
b8a007e5-60a0-4fe7-b5f1-ae0d5a6fe5bc	Caleb	Weissnat	Madie.Barton@yahoo.com	QiHwpnSHNlUSw9w	Voluptates	Mollitia dignissimos rerum aliquid quisquam dolore vel iusto cum est. Maxime sequi quasi earum sint facere. Sint qui quam sint accusamus quidem.	student
e94b2114-a079-4c71-81ea-f253914112fb	Angelina	Koelpin	Jordyn.Kautzer@gmail.com	CaiTnb4QWpKg2kq	Tempora	Ipsa odit natus est qui omnis numquam earum eius ut. Rem et quo illo ut. Quis quae maiores numquam maiores. Temporibus ea est adipisci deserunt magni sapiente occaecati qui voluptate.	student
b19e8551-4777-42d7-8b4c-fca7a1ac2a6e	Kamryn	Powlowski	Emmanuel.Schamberger92@yahoo.com	r_KfM9dAhFPPMge	Et	Unde dolores ducimus in. Eum voluptatem beatae in non tempore ipsum ducimus quae. Reprehenderit sed dolore dolorem sunt velit adipisci dolore quis doloremque. Libero dignissimos sunt odit qui laudantium totam provident error eligendi. Est reprehenderit quas magni sit sed reprehenderit aspernatur eius. Dolores qui beatae eum.	student
983f3ce9-f983-4b03-8eb2-403cf37e9d26	Camylle	Renner	Joannie_Kirlin@yahoo.com	DJ9DojcIsSy3qUX	Ut	Explicabo eveniet ea nihil eaque sint. Quos ducimus excepturi consequuntur aperiam explicabo ducimus quia velit qui. A quia eius aut temporibus porro. Quia consectetur sed exercitationem laudantium distinctio hic dolores esse tempore. Qui possimus molestiae nostrum eius ipsa modi officia commodi nesciunt.	student
51e3593e-8497-478e-8741-c026ee1c3fec	Damian	Champlin	Audrey.Gerhold@gmail.com	lGG3mGAcm6lyyay	Eos	Sit repellat dignissimos doloribus veritatis. Est est eveniet. Architecto soluta odit aliquid asperiores natus exercitationem et ut est. Repudiandae nobis occaecati. Cum ratione delectus iure soluta aperiam facilis. Commodi blanditiis enim est.	student
efe6a84b-2c1e-4334-abbf-1acdfdfa2028	Marcelina	Schmidt	Louisa.Maggio@yahoo.com	IpdTNJHZPE1o31m	Ipsam	Nulla nihil ducimus sequi asperiores. Placeat incidunt temporibus illum velit autem totam cum ad. Corporis aut ut fugit et atque quaerat ad nihil. Mollitia facilis minus molestiae magni repudiandae soluta nihil nihil.	student
e517762d-93d2-4748-8353-f596cf1df272	Preston	Mosciski	Ruthe66@yahoo.com	UECdo09dgyhu_OE	Ut	Delectus tempore odio iure. Libero molestias voluptatibus omnis est et aliquam deleniti commodi. Blanditiis voluptates perspiciatis non est in non. Nulla animi excepturi rerum animi quia nemo quia iure libero. Ratione autem iusto officiis. Magni ut alias officia est facere eum.	student
e55d8a00-17b8-4395-ab85-c4b100a33062	Araceli	Rau	Kevin.Grady@gmail.com	Zv8zvdIBdooQXIW	Ad	Molestiae est facilis sequi nulla incidunt tempore. Doloribus nisi dicta. Quas quia architecto modi labore id earum iure omnis sint. Aspernatur ut ut officia ut eum et ducimus corrupti. Est labore quod aliquid voluptatem animi nostrum voluptatem recusandae. Provident corrupti placeat vero atque.	student
14c1e016-9d0c-4f5d-b763-cddee3b7f235	Ona	Lebsack	Johnpaul_Pouros@gmail.com	6UR5d6Q0ucmM4Kk	Quia	Natus excepturi consequatur dolore illum molestias error in. Iusto voluptatum autem accusantium unde ipsam aut. Nisi quia similique quae sit.	student
11445d76-b656-43de-86b3-6bcbb3cb4928	Melyssa	Torphy	Mabel_Greenfelder@yahoo.com	mc1UCnJrFjMS7SQ	Quidem	Consequatur quasi alias repellat voluptas. Id aut eius repellat illum soluta nobis nostrum voluptatibus maxime. In suscipit voluptatem qui minus iusto rerum porro nobis. Id consequatur error sit quo ratione adipisci in et. Debitis voluptatem nemo. Sit sed omnis delectus ipsum.	student
f0affd0a-02f7-4e01-be91-1310a50fd7c9	Mohammed	Kertzmann	Myrtie.Bergstrom@hotmail.com	usN8rERp4gz4FsH	Aut	Et suscipit sit eligendi. Quam dolor magnam enim voluptatem ratione et. Possimus molestias officiis voluptas tenetur doloremque esse. Consequuntur a voluptatem dolor est reprehenderit eum aliquid autem omnis.	student
b0d94687-aa58-4329-be59-0d249de4592a	Aimee	Hills	Carolyne7@yahoo.com	pxdtuCXTcIYi6JB	Ut	Delectus vitae non aut dolores. Quis saepe nisi aut dolorem labore facere. Quia rem voluptatum et vel iure voluptatem.	student
903ea9af-fcff-4374-a401-b029abcd8663	Avery	Lang	Boris25@gmail.com	uwCODXsE0t6vhRv	Doloremque	Ut et repellendus dolor. Est officiis quos ut odit voluptatum qui exercitationem doloremque. Consequatur soluta quis possimus pariatur architecto accusantium ut excepturi ut.	student
faf33f8d-0815-4fe2-90b0-8f24b3512ad2	Irving	Bruen	Suzanne.Kub@hotmail.com	WLO15zakwLEsMDX	Quas Minima	Eligendi accusantium excepturi quidem explicabo inventore. Nihil sed consequuntur possimus. Hic consequatur aperiam.	student
ebfa97ff-bd14-462f-8b78-b018fccfcef2	Asha	Lockman	Marguerite_Shanahan@hotmail.com	WkV60UXcW2XwCTV	Ut Incidunt	Quas non minus dolorem. Perferendis facilis reiciendis ea. Odit nihil est veritatis ut aspernatur doloribus qui voluptas.	student
8459f50e-5a6c-4506-b781-4cee981fafba	Edwin	Gleason	Nat_Schuppe@gmail.com	Mh6N7vodVsNZkT7	Molestiae Eum	Et adipisci atque amet id sit. Ullam nam est iusto inventore repellat sequi laudantium enim esse. Eum rem minima neque repellendus molestiae est nostrum. At quia possimus et enim atque cum ipsa eum. Qui ut quidem.	student
252a1594-5bc1-48c4-bff0-1e39e8ee15e2	Cassandre	King	Jeramie4@gmail.com	cVxCtqWeHt4AFRi	Dolore In	Doloribus deserunt dolore. Fugiat ipsa libero sed. Error est odio nihil voluptatem autem voluptatem nesciunt minima ut. Atque voluptatum aperiam voluptatem molestias. Hic ratione quis.	student
2f7af0f0-38a4-4ab5-b443-9d9c9487e705	Adah	Smitham	Eleanora_Treutel65@gmail.com	v_ZTd1SQeZetZnW	Culpa Sed	Assumenda fugiat praesentium dolorem adipisci itaque quaerat sit aut autem. Et ipsum veniam rerum rem maiores. Est enim suscipit dignissimos non.	student
07b7830c-a3a2-4c81-9446-dcded1f331ad	Drew	Effertz	Armand.Johns12@gmail.com	mqu1oaEmng8tvTS	Qui Ullam	Omnis temporibus dolores maxime omnis rem. Quos necessitatibus exercitationem delectus maxime qui. Impedit deleniti quas dolorem consectetur ex nobis asperiores possimus.	student
7d20834e-99a5-4efa-b0d6-b33b8e4da4c6	Katheryn	Feeney	Jeromy80@gmail.com	u1CyGomoMN7RymM	Quo Esse	Ex repellat reprehenderit eum ratione ea placeat est officiis. Autem quod perspiciatis doloribus sed maiores officia. Dolore aut voluptatem. Accusamus est ab. Iure vero optio qui et maiores et in consequatur. Asperiores illo eos mollitia ut dolorem nihil ut.	student
0e28c0fd-7512-4113-ba19-1a901dc1b56f	Pascale	Satterfield	Myra_Blick42@yahoo.com	biEfsdAjKZwEbNv	Soluta Consequatur	Eos tempora facere harum alias adipisci mollitia deleniti quia recusandae. Et inventore inventore inventore dolor est quae. Error dicta et maiores. Quia consequatur aut enim dolorum repudiandae aliquam placeat dolorum. Suscipit quas ut ratione quidem dolorem.	student
20667edd-d7e1-40ed-a817-cfc763542718	Brant	Lang	Elise25@gmail.com	ukp2dnbcDwuyjPH	Laboriosam Fugit	Non necessitatibus sed sapiente maxime rerum fuga molestias suscipit. Eligendi facilis omnis in temporibus quas et ut ipsum aliquid. Voluptate sunt quasi magni labore ab sunt quam. Quae sunt non libero ut. Ipsam quaerat magnam quod reiciendis tempore sit in reprehenderit impedit. Sit consectetur dolorem non quam.	student
b3ded87d-acac-4b31-be6e-07bb04404103	Forrest	Dooley	Erwin63@gmail.com	OkhaUm4BjNh2FGK	Et Recusandae	Dolore ut eum sunt facilis. Consequatur non velit consequatur laborum. Sint ipsam consequatur corporis magnam exercitationem laborum voluptatem quibusdam.	student
1e24325c-1529-41b3-98e9-3b9dae4b9d05	Emile	Jacobi	Blair39@gmail.com	gD0lSJud5exBwwJ	Sunt Molestiae	Vel deleniti molestias laboriosam distinctio consectetur aut qui. Quae accusamus molestiae pariatur est voluptas quia. Voluptatem eaque iste.	student
73e475da-41ae-4157-be96-393c171f1e71	Sonny	Denesik	Junius.Purdy@yahoo.com	hFzEWd8nwSlLahA	Et Rerum	Rerum doloremque impedit. Reiciendis rerum eos molestias voluptatibus. Ut accusantium recusandae ratione dolorem vero sed dolor sint omnis. Voluptatibus voluptates sequi molestiae id maiores. Quidem laudantium quasi tempora consequatur. Quaerat est et aut quaerat in quia repellat minima.	student
b49a5ab9-2925-4aee-ba23-6a3f8a96e61d	Jack	Ryan	Haven_Walter@yahoo.com	kXBK0POokGb1Fns	Maiores Earum	Laborum mollitia repellendus. Iure dolorum aut omnis. Ipsam et qui laboriosam eaque dolorem ut. Nesciunt cum nihil voluptates recusandae et odio similique omnis praesentium. Dolor corporis rerum odio nihil nobis sit omnis ducimus.	student
8f631838-9c09-47f7-b3b4-2aa233989301	Addison	Cruickshank	Frederik43@hotmail.com	gANhMHp6Yv3leVK	Cupiditate Autem	Dolores officiis minus tempore. Et ut repellendus maiores sint. Quidem cumque harum facere tempore quas repellendus voluptates iste.	student
fb7af2af-4551-44cd-9124-adab7a35791e	Davin	Grant	Raphael_Reynolds39@gmail.com	pIZkprqxaB2FPw3	Id Est	Voluptate saepe possimus officia sed animi eos. Odit vitae tempora voluptate occaecati qui quia sequi. Et omnis rerum assumenda ad.	student
d8d648dd-ea99-4943-98e6-e3f054ab4b2b	Arnoldo	Osinski	Shaniya73@hotmail.com	B29XjplOGXnUreb	Debitis Facilis	Sed et et doloribus. Laudantium et dolor. Ut sapiente maiores consequatur est adipisci dignissimos eum dolores. Nihil et qui eligendi neque laudantium iure. Magnam similique aspernatur earum harum minima magnam. Autem aperiam quis cupiditate a eos omnis nemo in.	student
994b886b-190e-467f-adbf-b6ab1cf5b914	Wyman	Kuhic	Ross.Mraz@hotmail.com	18eYqDav1FORBw1	Ratione Voluptas	Tempora deserunt tempore sed eaque eaque aut iure ut. Beatae voluptates autem repellendus ipsa consequatur minus est et. Laborum aut quisquam voluptatem nihil repellendus inventore quo. Tempore quia ex sed dolor asperiores. Repellat iure molestias.	student
9c49653a-bd6d-4c3a-b614-125922b2e05c	Thea	Padberg	Merl.Bernier@hotmail.com	y7WigCzKo6JIDNo	Id Dolores	Recusandae aut nesciunt dolorem voluptas. Eaque neque quo. Qui voluptate nesciunt beatae quas nihil iusto. Nulla non itaque dolor repellendus eum dolorem quidem quo voluptates.	student
3742bc24-241e-4de4-a7ce-4c6d38c860c2	Rosalind	Bergstrom	Daphnee_Rolfson97@gmail.com	dtqGeBNOxAqUtIQ	Quibusdam Unde	Sunt magni maxime. Quaerat fugiat quis facere magnam natus sequi ad. Esse ut qui possimus assumenda quo odit. Enim aliquid sunt quia dolores dolor laborum et. Rerum excepturi rerum velit ut ducimus.	student
087f24ac-1977-4dea-9ff8-1a5b08a785b9	Noah	Homenick	Darlene.Stracke67@gmail.com	ZpGEnIpby2xvF9q	Dolores Eius	Maiores necessitatibus incidunt omnis sit eos fuga quis id qui. Et occaecati aut. Beatae beatae sed aliquid.	student
af5755ee-4221-44fe-8884-6f990209de36	Mona	Johns	Vicenta.Mills42@hotmail.com	oFKOBORGEwtEezj	Fugit Deleniti	Eum et molestias nihil et nihil molestiae et. Laboriosam quia deserunt dolorem sint. Velit ut tenetur consequatur sed praesentium temporibus.	student
8762dfe7-f877-4214-af2d-cedb8ea7e83b	Cassidy	Howell	Jared_Reynolds78@hotmail.com	HerhtAR8QStlM_R	Veritatis Quae	Omnis sint deleniti voluptas. Optio quidem dolores et odit a tempora tenetur. Provident ipsum est.	student
a1c70cb3-ec91-42b4-b4be-5c9368cfe647	Felicity	Wilkinson	Cullen.Kemmer93@yahoo.com	f4Z0tJw5PFgwlCK	Voluptatibus Nihil	Occaecati qui atque incidunt et. Eos sapiente sed odit ab quos consequatur beatae quod. Iste quis occaecati eveniet corrupti ea aspernatur. Recusandae iusto sit.	student
33f51ba5-d822-424e-ba83-1ad5d4a58263	Dion	Greenholt	Mossie.Conn@gmail.com	Ntlf1cs8nLyO5Al	At Numquam	Numquam neque nemo in quia quod maiores quaerat atque aut. Recusandae et incidunt deserunt impedit dolorem sunt placeat ipsum ipsam. Voluptatum perferendis exercitationem praesentium ratione eligendi autem.	student
7d7fa507-a80e-465f-a8cf-50ccdf9c1c67	Trace	Howe	Rosalinda_Stehr18@yahoo.com	O0QU86_1Y_SMP8b	Animi Omnis	Maxime consequatur quis et. Sint dolorem omnis dolorem et nobis voluptate a aut dolorem. Voluptates fugiat nihil quasi at est.	student
afe31371-72df-4b8c-b6fb-dfa244c8e831	Birdie	Bayer	Vilma32@gmail.com	Fg_xLabB0nk5oOn	Totam Nostrum	Aut aperiam omnis labore. Est vel voluptatibus blanditiis nulla incidunt. Deleniti vel voluptatibus. Quia beatae pariatur omnis soluta ratione. Deleniti ipsum perferendis velit. Corrupti ea explicabo id voluptas id pariatur.	student
4f41c49c-609c-44dd-967f-cd6e45b3bf36	Cleta	Powlowski	Hardy93@yahoo.com	E4jeVCXB7zrq3ji	Quae Quae	Similique suscipit vitae sunt. Accusamus quas quis error nemo aut. Officiis animi quisquam hic dolores doloribus sint. Quos autem voluptatem maiores dolor. Ut rerum facere.	student
cf762c7d-f4b0-4fd0-86c1-f3ed751d0d12	Ettie	Padberg	Joaquin.Christiansen2@gmail.com	Kbf_dcnGhpDqSR_	Reprehenderit Repudiandae	Modi non in provident sit sed adipisci. Repellat voluptate deleniti inventore sint. Architecto aut rerum voluptatibus libero vel dolores saepe vitae nisi. Reprehenderit aut veritatis et est et laboriosam dolorem. Ipsam sed architecto rem. Itaque ipsa cum.	student
965f63bc-67c3-4110-9942-982cf450441d	Henri	Weissnat	Lon_Parisian24@gmail.com	Fk9o2qhjmOXrXsc	Non Et	Neque quia ad rerum. Numquam non consequatur. Sed sunt veritatis. Assumenda ipsum voluptatibus atque dolorem velit quos. Minus voluptatem ipsa perferendis numquam rerum asperiores sint occaecati. Tempora sint beatae.	student
561f75b9-ddee-47e8-b26f-5c101ef720df	Clotilde	Weimann	Quinn_Cummerata@yahoo.com	32Nb1gSQIkWy5Xt	Tempore Qui	Ut est reprehenderit fuga deserunt iure sed. Cupiditate nihil ex rerum iure ea. Non aut nisi iusto velit laborum. Autem odit quasi voluptas adipisci.	student
f65dee4c-0527-4967-8d54-9ea91acc27cb	Tierra	Ritchie	Antwan65@hotmail.com	zE0NcP1zuucLAoI	Magni Omnis	Fugiat facilis et. Doloribus fugit ut dolor explicabo. Alias ea voluptas atque non velit voluptate sint. Aut nesciunt quia doloremque vel optio.	student
fe2bbd17-be7f-4f15-9531-c8b8f9879e08	Giovani	Stokes	Leonel.Rippin@gmail.com	uVCKP0Z5EgOqwPI	Labore Molestiae	Ipsam nisi aperiam consequatur voluptas nemo vero qui et. Aliquid est consequatur. Architecto amet enim ex.	student
57cbc12c-8d3b-4072-93e8-baaeeeb3b557	Katlynn	Schamberger	Torey_Heller88@yahoo.com	qC7LQmCxKF2eMeP	Adipisci Qui	Est corrupti esse. Ut et voluptatem beatae nihil. Beatae cum voluptatem qui necessitatibus quo quia consequatur. Id mollitia qui occaecati iusto ut et dolore qui accusamus. Cumque doloremque voluptatem sit mollitia consequatur explicabo laudantium repudiandae mollitia.	student
076e80cf-7d2f-4c82-bd0b-e65b7efeeb4f	Electa	Denesik	Eva_Kirlin95@gmail.com	dmt4EZUmi3FNduJ	Nesciunt Nobis	Ratione fugit id. Culpa quas quam quis eum laboriosam suscipit consequatur officia. Architecto ea ut maxime deserunt nostrum enim et exercitationem facere. Dolores sit dolorem deserunt id nisi aut tenetur fugiat rerum. Consequatur sed quia dolor omnis tenetur autem. Aliquam rem quibusdam quae consequuntur vel culpa sequi.	student
847842da-076b-462e-a59a-516749dd6a01	Stephanie	Satterfield	Jacklyn80@gmail.com	n2D51p0jIPz_lPp	Cumque Expedita	Numquam dolorem sit sapiente est excepturi. Ex amet aliquid consectetur minus ex similique est suscipit neque. Sint omnis quaerat odit maxime sunt et aut nemo consequatur. Sit qui ad. Nam quidem rem omnis consequatur. Deserunt possimus ducimus temporibus dolore qui.	student
6388b57a-25cf-40be-80a6-01b7c23a850d	Forrest	Deckow	Mathilde.Champlin85@hotmail.com	dJEmo6ZzvEw31u2	Magnam Quam	Provident quia sunt delectus iusto eos accusamus aut iste enim. Voluptatem omnis laboriosam inventore et molestias. Maiores iure ut porro maiores sit. Dolores dolorum iste ducimus est accusantium corporis ut commodi sed. Ut eveniet quas. Dolor repellat cumque nulla sed.	student
9726a175-9a7b-438c-92e7-3b36b8353ef6	Isaiah	Rosenbaum	Izaiah.Smitham@gmail.com	Nu6XWYUgkXhT9U7	Fugiat Qui	Quam ea ea facere placeat enim. Totam qui dicta quia vero quia. Voluptatem deserunt voluptatem debitis. In repudiandae occaecati eaque sint non architecto est dolor.	student
1d036de5-68b0-4091-a8fe-37358791c48d	Layne	Ebert	Ibrahim.Schuppe@hotmail.com	SFOksBo3Vjp_MjW	Voluptate Maxime	Qui quidem esse est reprehenderit atque omnis exercitationem soluta. Perferendis dolores explicabo quasi. Assumenda ut esse mollitia id qui. Ut ea magni enim fugit qui reprehenderit. Ipsam sunt dicta et qui qui id nisi voluptas voluptatibus.	student
10a824fc-4100-448c-b645-20a8023394b2	Daron	O'Hara	Nicolas_Abshire@yahoo.com	J1YNocgWQPk6ucS	Enim Non	Est ratione magnam nam similique. Culpa architecto minima aut sunt. Iure hic dolores sed consequatur ipsum. Occaecati vel sed esse quos molestiae eos eum modi odio. Nobis sit laboriosam vero ut ad expedita fugit.	student
927ed371-20ba-40b8-ba7d-10f99f4a1366	Watson	Dooley	Ollie.Klein90@gmail.com	ffaKr_asJBOgK5a	Consequatur Dolorum	Qui perferendis eos. Sed et ducimus consequatur. Quam numquam iste hic veritatis ad repellendus.	student
4542e95e-b893-4c8a-8956-71c86e35d27f	Xavier	Murphy	Florencio84@gmail.com	2uehjSVTgI7r76A	Deleniti Aliquam	Eos odio aut impedit excepturi dolores. Ipsum nisi harum maiores consequuntur est excepturi dolores dolore sequi. Adipisci consequatur facilis inventore. Voluptatum dolor laborum eum.	student
d2762818-caae-4634-897e-cb317f0ba74e	Adrien	Batz	Kolby_Torphy@hotmail.com	f4POBs3YoWrwSzs	Et Odio	Reprehenderit quibusdam architecto architecto consequatur unde. Labore quas aut voluptas laboriosam facere. Nesciunt hic eum neque culpa qui. Eaque sit voluptas. Dolore nihil quia iure. Enim totam qui mollitia et reprehenderit et.	student
a6372896-fbd0-417b-a81a-f57ac65d9272	Filiberto	Kassulke	Idell55@yahoo.com	htSBmpJJ9gkxtuU	Eos Eum	Totam eos consequuntur ut ipsam neque ab. Autem officiis praesentium praesentium eaque veniam non maxime. Praesentium quam quam omnis tempore tempora sed cumque. Eum voluptatibus ea blanditiis fugit quae soluta. Explicabo atque animi molestiae facere quod ab ut.	student
bde9c4fc-a33f-4faf-bf42-10856a923039	Karlie	Flatley	Margarete_Schoen@gmail.com	SUe52HYwM2m5PMx	A Aut	Nam aliquam harum sint voluptatem neque sequi perspiciatis assumenda et. Explicabo ut voluptatem totam minus in fugit autem nostrum. Tenetur aperiam sunt. Tenetur aliquid sequi molestiae. Nostrum non consequatur quia minima vero.	student
1c2cb519-a812-4eba-8853-5e40e2baab1c	Felix	Osinski	Nolan.Stokes77@gmail.com	SpSLuNJlUO7A6Vj	Excepturi Et	Eveniet amet sed nisi dolore. Illo totam at. Quia exercitationem est architecto voluptatem aut. Aliquam quaerat itaque accusamus. Quis minima praesentium autem sit sed.	student
2c4442b0-f3e6-4e5d-bb60-d259c9ad0272	Clay	Nienow	Syble13@yahoo.com	oxMv0qjPYvEw5j3	Harum Dolores	Nostrum voluptatem qui. Vel sit vel. Maiores ut vero dolorem sit. Corrupti aut aut in ea. Ut laboriosam tempore assumenda quos ut non quas odit velit.	student
7e4837a9-cdc7-499e-9212-87f791bd5c03	Jaiden	Boehm	Orrin.Bednar@yahoo.com	3ri_BXggWBq6eAX	Dolorum Dolorem	Aperiam ut quod. Harum quidem aspernatur aut est est placeat. Iure et consequatur non pariatur impedit. Autem et aspernatur voluptates temporibus.	student
db35a9ae-65b9-40ea-9709-350deeb4e5a6	Erin	Lesch	Edmund28@yahoo.com	pgnUIgsMyzX5sWW	Sequi Maxime	Provident et eos quasi enim rerum et impedit et. Quidem nobis iste praesentium deserunt quia ratione distinctio. Magnam laboriosam aperiam ipsum et eos dolorum. Laudantium est sunt magni quis ut asperiores ea. Voluptatibus esse rem voluptas voluptatem nostrum reiciendis. Magnam quam blanditiis deleniti accusamus nulla qui ut id dolor.	student
29395026-9232-4d00-8f61-1bc4fb5ba22a	Lilian	Ernser	Rusty22@gmail.com	JpmyVcb9nBe21uh	Cumque Dicta	Architecto doloremque dolores eaque. A quia rerum dolores qui ullam et. Inventore quidem quasi enim error. Quibusdam temporibus saepe voluptates deserunt sint quisquam. Ex rerum non et beatae nulla.	student
a72f9258-2f81-41db-80fa-4fe17ea2a0b2	Berenice	Wolf	Hannah57@hotmail.com	8ZgXoQ4dZWxKWjJ	Possimus Sed	Enim sit dolor quia earum delectus nam et quia. Enim distinctio consequatur eveniet. Impedit dicta impedit eum ipsum doloremque reprehenderit ea et.	student
f591a56c-71b9-4986-aa04-96996d8f20d4	Stephan	Huel	Skylar_Harber@yahoo.com	D9rJrPTDTnmoKUd	Aut Rerum	Odio iure molestias consectetur dicta quod. Nemo adipisci laboriosam ut ex culpa quos rerum. Similique sunt ea quam nisi. Et adipisci non est nostrum unde ut ut.	student
1260dd78-1e92-4cb7-a316-da6b3a888ed8	Kara	Gutkowski	Cecelia99@hotmail.com	47dFkoIhpSKjQO3	Et Delectus	Et est labore sit eos. Voluptas repudiandae molestias dolor voluptatem soluta quia sequi. Voluptatem numquam eius neque doloremque. Voluptatem pariatur in quis. Perferendis cumque esse repellendus.	student
28453e62-b496-4842-a11b-8759a99249c3	Cleveland	Kirlin	Imelda_Wehner12@hotmail.com	DeUPK8De97MmmCR	Ipsa Dicta	Culpa quaerat eligendi maiores eos nostrum aut. Non qui nihil maiores pariatur ut. Aliquid illo ea sapiente error voluptates sint doloribus et.	student
1471f945-cb49-4f19-b52c-d0111777783b	Nicola	Kassulke	Arnaldo61@hotmail.com	ukDXgP4cV6CxZif	Ipsum Et	Odio qui quo quis laboriosam corporis. Est quia quibusdam. Perferendis exercitationem quam ipsum et suscipit. Quia rerum atque temporibus minima.	student
6d5ab1eb-e99b-4221-b10c-48124c5c3b14	Destiney	Koelpin	Abbey.Waters@gmail.com	oPyMhlOC2cHZust	Ratione Consequuntur	Et commodi ad dicta aliquam. Molestiae aliquid nemo soluta sit. Minima illum quia dolorum consequuntur. Fugiat architecto quo sit consequatur sit repellendus hic. Id tempora qui consequatur aut excepturi rerum.	student
24247a7f-cfaf-4f6c-bcaf-d780d86015b4	Allene	Rau	Giovani.Tromp@gmail.com	EajsxxN_yBNe6hF	Aliquid Est	Dignissimos et id aut reiciendis. Et tempore expedita velit. Est quae dolorem porro.	student
31219bfa-170a-4352-89d6-efc0ffd06277	Mariana	Kohler	Skyla.Gleichner1@gmail.com	z2zDQe9CudTXTz3	Quos Tempore	Ea et odio repellendus perspiciatis. Expedita sed iste. Voluptates error corrupti ut at quo. Ad facere est sit dolorem. Aut facilis et aut voluptatem ab. Quae labore dolores sit velit molestiae fuga dolor.	student
76a7efa5-6cbe-4f93-b22d-51007e2ad18d	Valentine	Erdman	Mortimer.Cummerata21@yahoo.com	KVoTEggBkXBWzPQ	Nihil Ducimus	Culpa molestias amet pariatur ullam quod at. Aut odio libero vel incidunt. Explicabo voluptatibus asperiores voluptatem dignissimos nihil nobis. Molestiae occaecati voluptas ut et rerum. Eum et minus voluptas. Autem alias odio.	student
3203a403-bb3e-4da0-9707-38a522676d41	Tiara	Cummerata	Bethany_Kulas28@gmail.com	BVcNCwH2bZvDwq1	Laborum Omnis	Earum est natus est quasi suscipit necessitatibus. Iste ex neque eos debitis et. Adipisci numquam id architecto non autem dolore earum sed. Molestias quas nemo enim veniam aut. Debitis mollitia nulla quia labore doloremque pariatur commodi. Minus possimus debitis cumque.	student
07049f46-8d13-4ee3-9317-e7848c59f413	Yasmeen	Maggio	Rex.Baumbach64@hotmail.com	ho3nxGwtF8q_W5j	Corrupti Quia	Eum sapiente ipsa. Nulla praesentium necessitatibus sed neque enim consequatur sunt. Sint ad atque.	student
b9898cf9-868d-42bf-aab2-e5d0b2b09534	Tomasa	Muller	Kurt71@hotmail.com	OO6S8zkFqM8JUVh	Sit Alias	Voluptatem aut illo deleniti ad rerum ipsum vel. Est non non repellendus aut. Aut sed facere beatae recusandae. Magnam at quia magnam velit sit et.	student
8a0999d0-7bfd-4101-861e-2f73f67b11c8	Ardella	Runolfsdottir	Michele.Rice@yahoo.com	TVyj3uuHFAhsprk	Incidunt Qui	Qui deserunt neque vitae reprehenderit nam et. Dolorem molestiae mollitia repudiandae. Debitis magnam esse autem vitae placeat. Autem necessitatibus recusandae placeat. Quia nam totam iusto et assumenda. Fugiat ad dolorem debitis aut quaerat facilis soluta sit.	student
5cdd5f6a-50d1-4137-9b21-add4c8628ec8	Earl	Ondricka	Reginald_Zboncak22@gmail.com	gfzfSeTg70qqkCy	Culpa Rerum	Non itaque aliquid mollitia eos corporis ipsa aut asperiores. Doloremque autem aut numquam sunt est autem. Minima totam aut excepturi et impedit accusamus ex.	student
12923841-02e2-420b-ad96-4ad94cd1fe4c	Greta	Mohr	Callie.Conn52@gmail.com	ocoo5qhrd237XeQ	Alias Laudantium	Fuga voluptatum aut. Dolorem pariatur quisquam numquam quos autem. Eveniet explicabo molestiae. Molestiae accusamus magnam aut quo. Inventore inventore at rerum commodi eligendi impedit ea neque voluptas.	student
c625bf3f-bb4e-4c0c-8ca0-ccdcc717c299	Raquel	Harber	Conor81@yahoo.com	TxSpaTCERwFfkqf	Aut Laboriosam	Debitis illo reprehenderit ut. Doloribus eos numquam molestias vel. Voluptatibus nobis voluptatem distinctio rerum et laborum esse corporis. At sunt corrupti. Distinctio in ut impedit.	student
4f889093-2418-4bdb-af2d-81f4e37ba8be	Ardella	Mayer	Weldon.Legros@hotmail.com	qs3pmq6WMcOgiCp	Ex Consequatur	Ab error aut inventore voluptatem. Commodi ut impedit rem ipsam omnis eum veritatis vel qui. Autem et qui doloribus maxime temporibus non. Dolorem atque repellat labore tenetur est voluptatem. Consequuntur officia et eos. Soluta eum sit eum fuga doloremque nemo voluptatibus iusto et.	student
9c84eeae-ae1e-44d3-8f00-32922f56d68c	Arielle	Altenwerth	Effie94@yahoo.com	DAny0HAZpFQwO8i	Quod Voluptas	Modi consequatur aut exercitationem quaerat. Natus nisi soluta voluptatem minima nam culpa quaerat hic ipsa. Molestias ut fugiat atque mollitia ut autem.	student
cb94acb0-fd41-4408-8597-902b815aede6	Junior	Bins	Earlene_Klocko@hotmail.com	sYIiidXbhs2YVVT	Hic Dicta	Libero debitis adipisci vero consequuntur quis vel recusandae. Possimus mollitia fugit quo nisi corporis eligendi vero ipsum enim. Autem perspiciatis non atque sit aut saepe ea distinctio magnam. Voluptates nesciunt amet similique maiores. Neque ad consequatur iure.	student
5157fed5-c385-4a6f-87a9-f9fb5e1880f8	Lorine	Vandervort	Willa_Ebert96@gmail.com	cYY88Dz8IdVlJGQ	Sit Illo	Est occaecati id blanditiis sapiente voluptatem dolor id voluptatibus. Laudantium incidunt quaerat quia omnis et est. Dolores quam expedita occaecati id aspernatur dolorem tempore. Voluptatem debitis tempore atque consequuntur consequuntur quod. Voluptatem et culpa omnis doloremque cupiditate. Quam minima nihil explicabo qui autem.	student
e74a1125-9fcb-463e-bb65-436672251945	Luisa	Koepp	Melyssa_Gusikowski@hotmail.com	EH6WhEVS9wJhLvz	Quia Amet	Non perferendis quos impedit ipsum et totam cupiditate sit. Optio mollitia sed amet fugiat. Mollitia porro ratione. Voluptatibus impedit aut enim illo.	student
44693f71-7c36-4314-ac1b-f327ae27d8b7	Waldo	Lehner	Carissa.Quigley20@gmail.com	zXlks3qMzXJfPxN	Minus Illum	Reprehenderit soluta reiciendis et. Dolor quia optio minima repellat. Dicta voluptatem aliquam ut fugiat ut quas. Reprehenderit quaerat quasi. Exercitationem magni impedit sunt illo molestiae quae placeat sit.	student
36c34648-908c-4700-a20c-4f3d7963858f	Annabell	Streich	Dessie_Johns21@gmail.com	Ymn4PjSB40zGziU	Similique Aut	Maxime eveniet velit labore nostrum assumenda pariatur labore. Occaecati quis tempore illo. Qui eum ut sint optio delectus beatae eligendi repellendus.	student
a14a8c4a-8f75-4f8d-85f9-a65d0accea39	Raina	Skiles	Eladio19@gmail.com	__REflflaZ0B5UD	Nesciunt Laudantium	Dolor sapiente eos ut. Itaque quos dolore quam eos. Quia dolor ducimus rerum et sint mollitia aut ea et. Aut placeat voluptate laboriosam iure culpa corrupti sunt natus placeat. Repellat blanditiis ex cum ut quia ea error doloribus rerum.	student
94f2134a-c990-4478-900c-b0e3cffff94e	Mohamed	Leuschke	Brandon.Hamill@hotmail.com	ogwxMb1aye5w_kf	Minima Consectetur	Sunt perspiciatis sed molestiae eum tenetur laudantium aut fugit exercitationem. Explicabo quaerat architecto officiis provident quis est voluptatem. Odit dolores consequuntur. Reiciendis qui quo quaerat dolor aut hic ullam.	student
1646b6cb-9632-4000-bde1-b775b318695d	Maxine	Orn	Stanford.Considine@gmail.com	N9npmsNPQNWsJVS	Praesentium Officia	Omnis et ab quia laboriosam necessitatibus provident quod aut dolores. Aliquid magni nihil quia quia qui exercitationem. Aut nostrum animi provident ut corporis iure inventore. Vitae exercitationem quam quidem consectetur mollitia velit aut. Qui quo laborum. Quam vel eveniet architecto nam dolore aut et.	student
5463d62a-e248-48e1-b439-2d4a23e959de	Aidan	Ernser	Kenton_Schamberger@gmail.com	maKWWiYpfYqU8Dd	Vero Voluptas	Rerum labore expedita sunt pariatur asperiores unde doloribus illo. Non vitae aut atque facere autem. Porro id aut qui est sunt autem quis possimus. Perferendis expedita ea consectetur. Ut impedit occaecati explicabo consequatur ut nam qui. Enim et eius tenetur dolorem in reiciendis odio omnis.	student
7b816ce5-81d8-46d0-8906-66396b5d3b70	Mckenzie	Skiles	Berenice.Kovacek29@gmail.com	ToELOUAOpCCligY	Dolore Quo	Consequatur et rem dolores fugiat nobis. Explicabo rem qui dolores et quam quidem temporibus. Harum maxime recusandae. Molestias sed minus ut. Aut fugiat qui nobis cum corrupti.	student
1e89b574-c6a9-4b15-9b8d-35b910441746	Geovanny	Schimmel	Skylar.Kemmer@yahoo.com	pZHgM9x7l3wrARD	Est Facilis	Corporis modi vitae corporis rerum enim id. Rerum quo magnam voluptatibus. Molestiae itaque sit reprehenderit. Tenetur aspernatur est et.	student
75cfd682-1169-4117-87a2-9eee312c000f	Jaylan	Rutherford	Kory_Grimes99@gmail.com	K3JQVB6E_ZsIiQX	Laboriosam Unde	Saepe occaecati quam ea mollitia. Magni aut omnis maxime quis magnam excepturi. Sit ut et impedit quis magni magnam. Facere veritatis harum in voluptas commodi voluptate vel consequatur.	student
e69519f5-0e43-485b-9e8a-3ff4ebe691d8	Jevon	Yundt	Kylie64@hotmail.com	hAwYhRK0G3ymYih	Recusandae Eum	Aut voluptas fuga fuga veniam saepe aut. Quis at perferendis fugiat odit dolore. Similique consequatur exercitationem distinctio aliquam repudiandae vitae inventore voluptatem omnis. Praesentium quaerat iure quisquam est ducimus.	student
579aa674-79ac-4fa6-afd2-4d1ffb467e80	Cortez	Rodriguez	Ray_Nader@yahoo.com	4a0u7_Gb4AWyLFe	Temporibus Sint	Molestias debitis dolorem a et et itaque. Cum et enim nulla doloremque. Quos consequatur quam quidem ut rerum harum aliquam distinctio.	student
152218c9-0d03-4516-9b58-42559afe0c50	Hailee	Gusikowski	Theodore_Strosin40@yahoo.com	88F6FhDlV7SKA8q	Earum Consequatur	Ex autem culpa aut est qui sed sint quibusdam. Voluptas molestiae doloremque quidem et. Quo eveniet unde non expedita. Dolores laudantium aspernatur vel. Est rem natus occaecati fuga totam minima perferendis provident nam. Nobis autem praesentium aspernatur dolorem doloribus esse.	student
e326e57b-7f6d-4f30-bb83-e07328444a49	Orin	Heidenreich	Joel_Rodriguez84@gmail.com	idswyDp70sccPAb	Impedit Odit	Sit aut eos sit eum. Illum est impedit modi voluptas dolores voluptate et omnis ut. Voluptatem eaque dolorem optio dolorum provident nulla. Fugiat voluptas quia corrupti veritatis minima facere. Vel exercitationem vitae temporibus veniam. Et eligendi dicta enim ipsa doloremque sunt.	student
51f0731b-4fa4-47e2-9bd4-b7dbcd17ba0a	Flossie	Braun	Lindsay_Hermiston@yahoo.com	pKFiCbcTeAzTrQC	Blanditiis Dolorum	Nam rem ullam. Eligendi perferendis velit deleniti molestiae inventore doloremque officia. Alias sunt harum expedita. Nemo recusandae aperiam adipisci vitae.	student
e12c144a-064d-4c86-8c7b-4ea1c9c5171b	Antwan	Douglas	Amani.Cremin18@gmail.com	yfSSjYLu2eNKdl8	Dolor Quas	Iure impedit veniam modi laborum blanditiis. Aut et voluptatum veritatis voluptatem voluptatem. Dolor non non voluptatem quibusdam quasi repudiandae autem est. Quae suscipit atque aut ex dolor.	student
d088ab69-a1e7-438f-a965-4e3334860909	Kieran	Sanford	Savion24@hotmail.com	nfqTb0qHvlsIfL8	Sit Repellat	Ut odio ut aut veniam eligendi aut. A et ut dicta quisquam quas sed. Saepe excepturi quia aspernatur animi. Et et et. Non alias corrupti quis expedita enim. Velit dolor adipisci harum enim ea expedita.	student
cbdbd656-0e19-42ca-b32b-c292fef03dc2	Raquel	Schinner	Alejandrin.Rath58@gmail.com	9bJQMRZXhpHUYE4	Quaerat Non	Distinctio ut laudantium eligendi et et distinctio itaque. Aperiam rerum est suscipit. Est repellat quisquam reiciendis expedita. Inventore occaecati voluptatem magnam commodi voluptas est alias molestiae sit. Voluptate sunt aspernatur sint quia quibusdam. Qui necessitatibus maiores quos voluptas voluptas.	student
9fac2130-f3b2-40dd-a0ae-6eaf4ba58013	Daisha	Bradtke	Cathrine_Effertz@yahoo.com	aDIV3e1zMJp65e5	Voluptatem Nihil	Minus ut nemo eos illum accusamus numquam labore. Est enim adipisci molestiae non vel. Quis ut molestiae rerum beatae esse saepe doloremque quisquam. Veritatis fugit iusto perspiciatis doloribus molestias rerum mollitia praesentium. Incidunt nihil voluptas.	student
c675d48b-4973-4d94-9d38-b144be02e263	Jeramy	Jones	Jordi87@yahoo.com	Of8uQUCPt71YLu8	Dolor Asperiores	Dolorem harum praesentium rem beatae quis vel ea. Excepturi doloremque ipsum dolore animi at amet harum odit eum. Voluptatem est perferendis suscipit non dolores voluptas nam. Doloribus ipsa harum debitis molestiae quis aut ut qui provident. Unde nemo accusantium molestiae.	student
7c2d2ac4-64cd-49dd-855b-d4c00a43160f	Cyril	Beer	Pinkie13@yahoo.com	NO0gIy_R7e4Nq3T	Quaerat Sequi	Itaque sequi nisi aperiam unde doloremque. Ducimus repellendus quod ipsa ea doloremque ea reprehenderit ratione. Sed sint voluptatum cumque. Omnis delectus cupiditate ut cupiditate.	student
7a51b67d-73ef-4cd1-aee6-d04268da5ffb	Elisha	Reynolds	Adalberto_Hettinger@yahoo.com	cUHnfYql2pYv7Ug	Ducimus Est	Iusto et ut qui unde eos. Qui dolor doloribus velit consequatur quis omnis. Qui et neque quasi quia architecto nostrum. Veritatis qui facilis qui sit. Inventore laboriosam quos illo minus praesentium et ex quia. Saepe mollitia ad minus pariatur consequatur tempora qui.	student
4e097e38-3b62-46a1-97f3-7e10515db9d8	Hope	Cartwright	Libbie.Hessel84@gmail.com	aJJoiOy2Y7k8GVV	Laborum Natus	Sunt reprehenderit non omnis cum beatae iusto corporis quia. Corporis eveniet quaerat suscipit adipisci non tenetur quo. Modi sunt ullam velit eaque et est in vel sit. Nam odit ratione quia sint eos.	student
f134b4ca-fc4b-4da3-ac31-0c34a2523b4a	Idell	Nitzsche	Dortha.Johnson@yahoo.com	iaLr9dlmcM1lG4d	Explicabo Occaecati	Ut nobis minus. Quibusdam dicta qui optio repellendus excepturi cum. Iure eveniet eveniet itaque perferendis iure quisquam. Corporis iste consequuntur. Odio voluptatem vero. Unde veritatis non consequuntur vel omnis perspiciatis et ea est.	student
0672ca34-3640-4120-b647-ee11b91fb34d	Jairo	Nikolaus	Tyrel_Runolfsdottir@gmail.com	oriF1H0eDeRDIfs	Ratione Doloribus	Blanditiis dignissimos odit et consequatur. Praesentium est deserunt et libero alias reiciendis error. Laboriosam corrupti dolorem odit et recusandae et dolorem.	student
f3f0b846-1765-474f-85ca-3af4b5f4fae8	Breana	Altenwerth	Garnet_Greenholt43@gmail.com	ZLtuxQlDXaGPLIA	Et Qui	Corporis tempora excepturi quis velit. Nulla quasi nulla tempora enim qui. Alias illo odit. Libero corporis consequatur praesentium est ut. Ipsum voluptatibus et ad illum tempore sint. Nam asperiores deleniti laudantium enim voluptatem.	student
f512e7d1-1a45-463c-944c-4963ff058115	Loraine	Beer	Corine.Parisian@yahoo.com	rPZTsxBpFgPoiuj	Aut Laudantium	Porro officia ea. Omnis quis eligendi consequatur. Libero hic beatae totam alias doloribus quasi eos eos. Consectetur sit voluptatem. Molestiae reiciendis beatae ab eveniet dolorum voluptatibus. Omnis distinctio repellat aut quo.	student
25c9f391-ae91-4704-bdde-0a148a126fa9	Rhoda	Hettinger	Gwen6@gmail.com	Z8owaNIxSubn6s0	Inventore Dolores	Doloribus aut repellat possimus. Est dolore quas consequatur architecto saepe et velit non possimus. Et quis necessitatibus asperiores quasi accusantium libero. Qui modi facere ut. Consequatur facere minima vel quos non atque enim aliquam enim.	student
98fa34ba-e689-4c6e-8356-7a227d6a7acb	Eusebio	Rohan	Karelle_Grant@gmail.com	59rJBw5W6GsPBg4	Vel Molestias	Earum architecto rem similique aperiam saepe. Hic doloremque aspernatur omnis qui cum numquam. Provident illo necessitatibus tempore fuga maiores aut aut. Delectus quidem ea nihil ut quaerat rerum. Hic aspernatur magni animi.	student
919e10f1-44ae-4d17-b812-a9e788dec4d0	Damion	Cartwright	Alize.Pfeffer28@gmail.com	zkG1LyUJwK3Y6W2	Assumenda Accusantium	Enim commodi ipsam voluptatem aliquam sapiente totam praesentium inventore. Dolorum officiis odit modi. Explicabo omnis consequuntur et quasi ab. Velit recusandae similique eum aut assumenda quod. Voluptate dolor sint cumque.	student
4c621033-a073-4057-8595-9cbcbdd45723	Nia	Turner	Juliet41@gmail.com	C1plVDKsG6vbVgc	Accusantium Non	Excepturi incidunt nobis ducimus consequatur. Sint assumenda ipsa aliquid aut rem. Magni accusantium eos laboriosam iure expedita quidem aut qui et. Perspiciatis consequuntur reiciendis hic tempora est ut. Quo sit deserunt atque vitae et tenetur culpa saepe excepturi. Possimus optio sapiente aut facilis.	student
\.


--
-- Data for Name: users; Type: TABLE DATA; Schema: public; Owner: -
--

COPY public.users (id, "firstName", "lastName", email, password) FROM stdin;
\.


--
-- Name: Chats Chats_pkey; Type: CONSTRAINT; Schema: public; Owner: -
--

ALTER TABLE ONLY public."Chats"
    ADD CONSTRAINT "Chats_pkey" PRIMARY KEY (id);


--
-- Name: Connections Connections_pkey; Type: CONSTRAINT; Schema: public; Owner: -
--

ALTER TABLE ONLY public."Connections"
    ADD CONSTRAINT "Connections_pkey" PRIMARY KEY (id);


--
-- Name: Files Files_pkey; Type: CONSTRAINT; Schema: public; Owner: -
--

ALTER TABLE ONLY public."Files"
    ADD CONSTRAINT "Files_pkey" PRIMARY KEY (id);


--
-- Name: Messages Messages_pkey; Type: CONSTRAINT; Schema: public; Owner: -
--

ALTER TABLE ONLY public."Messages"
    ADD CONSTRAINT "Messages_pkey" PRIMARY KEY (id);


--
-- Name: Notifications Notifications_pkey; Type: CONSTRAINT; Schema: public; Owner: -
--

ALTER TABLE ONLY public."Notifications"
    ADD CONSTRAINT "Notifications_pkey" PRIMARY KEY (id);


--
-- Name: Photos Photos_pkey; Type: CONSTRAINT; Schema: public; Owner: -
--

ALTER TABLE ONLY public."Photos"
    ADD CONSTRAINT "Photos_pkey" PRIMARY KEY (id);


--
-- Name: Requests Requests_pkey; Type: CONSTRAINT; Schema: public; Owner: -
--

ALTER TABLE ONLY public."Requests"
    ADD CONSTRAINT "Requests_pkey" PRIMARY KEY (id);


--
-- Name: Skills Skills_pkey; Type: CONSTRAINT; Schema: public; Owner: -
--

ALTER TABLE ONLY public."Skills"
    ADD CONSTRAINT "Skills_pkey" PRIMARY KEY (id);


--
-- Name: UserChat UserChat_pkey; Type: CONSTRAINT; Schema: public; Owner: -
--

ALTER TABLE ONLY public."UserChat"
    ADD CONSTRAINT "UserChat_pkey" PRIMARY KEY ("UserId", "ChatId");


--
-- Name: UserConnection UserConnection_pkey; Type: CONSTRAINT; Schema: public; Owner: -
--

ALTER TABLE ONLY public."UserConnection"
    ADD CONSTRAINT "UserConnection_pkey" PRIMARY KEY ("UserId", "ConnectionId");


--
-- Name: UserSkill UserSkill_pkey; Type: CONSTRAINT; Schema: public; Owner: -
--

ALTER TABLE ONLY public."UserSkill"
    ADD CONSTRAINT "UserSkill_pkey" PRIMARY KEY ("UserId", "SkillId");


--
-- Name: Users Users_email_key; Type: CONSTRAINT; Schema: public; Owner: -
--

ALTER TABLE ONLY public."Users"
    ADD CONSTRAINT "Users_email_key" UNIQUE (email);


--
-- Name: Users Users_pkey; Type: CONSTRAINT; Schema: public; Owner: -
--

ALTER TABLE ONLY public."Users"
    ADD CONSTRAINT "Users_pkey" PRIMARY KEY (id);


--
-- Name: users users_email_key; Type: CONSTRAINT; Schema: public; Owner: -
--

ALTER TABLE ONLY public.users
    ADD CONSTRAINT users_email_key UNIQUE (email);


--
-- Name: users users_pkey; Type: CONSTRAINT; Schema: public; Owner: -
--

ALTER TABLE ONLY public.users
    ADD CONSTRAINT users_pkey PRIMARY KEY (id);


--
-- Name: Files Files_ChatId_fkey; Type: FK CONSTRAINT; Schema: public; Owner: -
--

ALTER TABLE ONLY public."Files"
    ADD CONSTRAINT "Files_ChatId_fkey" FOREIGN KEY ("ChatId") REFERENCES public."Chats"(id) ON UPDATE CASCADE ON DELETE SET NULL;


--
-- Name: Messages Messages_ChatId_fkey; Type: FK CONSTRAINT; Schema: public; Owner: -
--

ALTER TABLE ONLY public."Messages"
    ADD CONSTRAINT "Messages_ChatId_fkey" FOREIGN KEY ("ChatId") REFERENCES public."Chats"(id) ON UPDATE CASCADE ON DELETE SET NULL;


--
-- Name: Notifications Notifications_UserId_fkey; Type: FK CONSTRAINT; Schema: public; Owner: -
--

ALTER TABLE ONLY public."Notifications"
    ADD CONSTRAINT "Notifications_UserId_fkey" FOREIGN KEY ("UserId") REFERENCES public."Users"(id) ON UPDATE CASCADE ON DELETE SET NULL;


--
-- Name: Photos Photos_UserId_fkey; Type: FK CONSTRAINT; Schema: public; Owner: -
--

ALTER TABLE ONLY public."Photos"
    ADD CONSTRAINT "Photos_UserId_fkey" FOREIGN KEY ("UserId") REFERENCES public."Users"(id) ON UPDATE CASCADE ON DELETE SET NULL;


--
-- Name: Requests Requests_UserId_fkey; Type: FK CONSTRAINT; Schema: public; Owner: -
--

ALTER TABLE ONLY public."Requests"
    ADD CONSTRAINT "Requests_UserId_fkey" FOREIGN KEY ("UserId") REFERENCES public."Users"(id) ON UPDATE CASCADE ON DELETE SET NULL;


--
-- Name: UserChat UserChat_ChatId_fkey; Type: FK CONSTRAINT; Schema: public; Owner: -
--

ALTER TABLE ONLY public."UserChat"
    ADD CONSTRAINT "UserChat_ChatId_fkey" FOREIGN KEY ("ChatId") REFERENCES public."Chats"(id) ON UPDATE CASCADE ON DELETE CASCADE;


--
-- Name: UserChat UserChat_UserId_fkey; Type: FK CONSTRAINT; Schema: public; Owner: -
--

ALTER TABLE ONLY public."UserChat"
    ADD CONSTRAINT "UserChat_UserId_fkey" FOREIGN KEY ("UserId") REFERENCES public."Users"(id) ON UPDATE CASCADE ON DELETE CASCADE;


--
-- Name: UserConnection UserConnection_ConnectionId_fkey; Type: FK CONSTRAINT; Schema: public; Owner: -
--

ALTER TABLE ONLY public."UserConnection"
    ADD CONSTRAINT "UserConnection_ConnectionId_fkey" FOREIGN KEY ("ConnectionId") REFERENCES public."Connections"(id) ON UPDATE CASCADE ON DELETE CASCADE;


--
-- Name: UserConnection UserConnection_UserId_fkey; Type: FK CONSTRAINT; Schema: public; Owner: -
--

ALTER TABLE ONLY public."UserConnection"
    ADD CONSTRAINT "UserConnection_UserId_fkey" FOREIGN KEY ("UserId") REFERENCES public."Users"(id) ON UPDATE CASCADE ON DELETE CASCADE;


--
-- Name: UserSkill UserSkill_SkillId_fkey; Type: FK CONSTRAINT; Schema: public; Owner: -
--

ALTER TABLE ONLY public."UserSkill"
    ADD CONSTRAINT "UserSkill_SkillId_fkey" FOREIGN KEY ("SkillId") REFERENCES public."Skills"(id) ON UPDATE CASCADE ON DELETE CASCADE;


--
-- Name: UserSkill UserSkill_UserId_fkey; Type: FK CONSTRAINT; Schema: public; Owner: -
--

ALTER TABLE ONLY public."UserSkill"
    ADD CONSTRAINT "UserSkill_UserId_fkey" FOREIGN KEY ("UserId") REFERENCES public."Users"(id) ON UPDATE CASCADE ON DELETE CASCADE;


--
-- PostgreSQL database dump complete
--

